"","ID","Location","site_num","Tapping","Tree_num","C_pos.","Device","nm","refl","Tree_ID","r800","NDVI","SR","MCARI","G","TCARI","SPRI","PRI","SIPI","ARI1","ARI2","CRI1","CRI2"
"1","AW-1-I-03-L-D2","AW-1",1,"I",3,"L","D2",793,0.369257622783168,"AW-1-I-03-L",0.369257622783168,0.52256428881955,3.17979481340417,0.126948291800767,1.51336694142625,0.214413446635463,0.560674434046775,-0.0210662256647645,0.58259926086832,0.776871245315557,0.286865629253822,2.39950171345657,3.17637295877213
"2","AW-1-I-03-M-D2","AW-1",1,"I",3,"M","D2",793,0.405699039386272,"AW-1-I-03-M",0.405699039386272,0.613101640624982,4.13199683129303,0.167119414634925,1.91161140656183,0.265140797788386,0.750081964403905,0.0168528076871984,0.613861820775065,-0.0343727826540876,-0.0139450049037965,2.64150888971151,2.60713610705742
"3","AW-1-I-03-T-D2","AW-1",1,"I",3,"T","D2",793,0.403703459580597,"AW-1-I-03-T",0.403703459580597,0.630735909927037,4.38706809869197,0.166588661778185,2.03018929066139,0.26309718641694,0.73736879575406,0.0117861037430331,0.622740645614699,-0.199058426403435,-0.0803605753977364,2.87623257327049,2.67717414686706
"4","AW-1-I-06-L-D2","AW-1",1,"I",6,"L","D2",793,0.417271167340688,"AW-1-I-06-L",0.417271167340688,0.549679893992544,3.43939025784451,0.183518213693501,1.83923345096522,0.295985431873084,0.668618228874481,-0.00096555280669901,0.564680447473338,0.15916061427759,0.0664131353142708,2.04549524126198,2.20465585553957
"5","AW-1-I-06-M-D2","AW-1",1,"I",6,"M","D2",793,0.351896376248259,"AW-1-I-06-M",0.351896376248259,0.694526701226295,5.50009197586184,0.143208734997449,2.0422126879651,0.20666207495797,0.881874757724687,0.022560584235808,0.687510457060692,0.00951520053422961,0.0033483645872709,4.65713109022095,4.66664629075518
"6","AW-1-I-06-T-D2","AW-1",1,"I",6,"T","D2",793,0.388861865611283,"AW-1-I-06-T",0.388861865611283,0.549203481521553,3.43768064421033,0.158890651417247,1.78312572508421,0.263670434181195,0.597095310883951,-0.000944946184298253,0.567142847171287,0.120140283642125,0.0467179748321454,2.054037720579,2.17417800422113
"7","AW-1-I-09-L-D2","AW-1",1,"I",9,"L","D2",793,0.395446241437432,"AW-1-I-09-L",0.395446241437432,0.638633032140078,4.53784192011206,0.177062793847296,2.0586380393029,0.266784606843758,0.817397822830157,0.0141727621911889,0.630948758676302,-0.103388013178661,-0.040884401221185,3.12244388944844,3.01905587626978
"8","AW-1-I-09-M-D2","AW-1",1,"I",9,"M","D2",793,0.393974649071743,"AW-1-I-09-M",0.393974649071743,0.662308062953783,4.94413228960382,0.200092328771469,2.22361719553672,0.28391008733511,0.863332751388578,0.0175492327859989,0.638278555477406,-0.225886319733052,-0.0889934835469365,3.46871944667486,3.24283312694181
"9","AW-1-I-09-T-D2","AW-1",1,"I",9,"T","D2",793,0.436128788969746,"AW-1-I-09-T",0.436128788969746,0.558945102068806,3.5011304323537,0.16095039858677,1.77260114865531,0.275832475396525,0.766833375047672,0.010320716597959,0.567692472236789,0.0472489590797958,0.0206066313035524,1.95678303133076,2.00403199041055
"10","AW-1-I-12-L-D2","AW-1",1,"I",12,"L","D2",793,0.404881497190907,"AW-1-I-12-L",0.404881497190907,0.598220390429703,3.97966569666476,0.158365288078996,1.85709393685374,0.256646499051138,0.692038903438997,0.00447920893030466,0.608738251831748,0.0403798411550715,0.0163490505431964,2.53978254542277,2.58016238657784
"11","AW-1-I-12-M-D2","AW-1",1,"I",12,"M","D2",793,0.38539877584063,"AW-1-I-12-M",0.38539877584063,0.709603272822866,5.86468112472934,0.143913271604,2.05253449170125,0.211746826267402,0.866004342580108,0.0259927821475026,0.693340896487618,-0.151747642503871,-0.0584833556576934,4.17665945621973,4.02491181371586
"12","AW-1-I-12-T-D2","AW-1",1,"I",12,"T","D2",793,0.407341339439011,"AW-1-I-12-T",0.407341339439011,0.585964884487058,3.8072416378719,0.175441677949545,1.91219487049543,0.279591260260323,0.632568225560958,0.00998134871804793,0.593974023022245,0.0405203876746665,0.0165056289899866,2.13235641780594,2.1728768054806
"13","AW-1-I-15-L-D2","AW-1",1,"I",15,"L","D2",793,0.448160276992021,"AW-1-I-15-L",0.448160276992021,0.624158488571285,4.34806039078034,0.14926165677485,1.83921601697013,0.250145053389213,0.766207386926317,0.0112332622565657,0.626159973126322,-0.0778682917010967,-0.034897475177659,2.66838770504414,2.59051941334304
"14","AW-1-I-15-M-D2","AW-1",1,"I",15,"M","D2",793,0.441427054576343,"AW-1-I-15-M",0.441427054576343,0.656031466765521,4.77702503180942,0.147705021467236,1.9058427392042,0.240327721267796,0.819130201374216,0.0165542695511645,0.652090643794694,-0.0970093006691046,-0.0428225298608737,2.99153087937925,2.89452157871015
"15","AW-1-I-15-T-D2","AW-1",1,"I",15,"T","D2",793,0.407717670057288,"AW-1-I-15-T",0.407717670057288,0.65173649883049,4.69809888738554,0.176669472204343,2.0203185516858,0.265048154600676,0.828997498800409,0.0152536377190812,0.640991953661793,-0.06485419460091,-0.026442201116125,3.23708460358941,3.1722304089885
"16","AW-1-I-18-L-D2","AW-1",1,"I",18,"L","D2",793,0.365875538801524,"AW-1-I-18-L",0.365875538801524,0.644062900774299,4.59695621836565,0.134838796395229,1.92705658332539,0.214881602936264,0.848887261005216,0.0159098195193208,0.638273252898751,-0.080375426831119,-0.0294074025982381,3.44919742557394,3.36882199874282
"17","AW-1-I-18-M-D2","AW-1",1,"I",18,"M","D2",793,0.410213427274931,"AW-1-I-18-M",0.410213427274931,0.637708912145203,4.50782501801205,0.166797395343579,2.01651112772237,0.261244535014876,0.813143850390688,0.0164570704359449,0.620940237398184,-0.154620238161164,-0.0634272978221572,2.74051523339156,2.5858949952304
"18","AW-1-I-18-T-D2","AW-1",1,"I",18,"T","D2",793,0.422589715281263,"AW-1-I-18-T",0.422589715281263,0.559623543919715,3.52393348561017,0.162686874180406,1.80742501139284,0.274371941988518,0.683688068261897,0.00865938448381471,0.572122918307915,0.0612045738949982,0.0258644234561983,1.93174979748906,1.99295437138406
"19","AW-1-I-21-L-D2","AW-1",1,"I",21,"L","D2",793,0.420927834791344,"AW-1-I-21-L",0.420927834791344,0.647320431845079,4.65289706201857,0.157109685560863,1.96635103562709,0.250301507372769,0.883010048779421,0.0193393972366564,0.63149229291996,-0.154894901391404,-0.0651995754629024,2.88005866982464,2.72516376843324
"20","AW-1-I-21-M-D2","AW-1",1,"I",21,"M","D2",793,0.420575688648928,"AW-1-I-21-M",0.420575688648928,0.547864506740528,3.40010138697344,0.153347179149009,1.7074332661704,0.264729680260135,0.645610824046347,0.00415429828541548,0.562908102251742,0.0971009247454884,0.0408382882932815,1.84423129554801,1.9413322202935
"21","AW-1-I-21-T-D2","AW-1",1,"I",21,"T","D2",793,0.403929625901119,"AW-1-I-21-T",0.403929625901119,0.636279128245946,4.47973346928001,0.164596727508942,1.9096998531294,0.252309721966828,0.698586382449293,0.00878653178174368,0.63390538725096,0.0926401755151431,0.0374201114392458,2.85482236205344,2.94746253756858
"22","AW-1-I-24-L-D2","AW-1",1,"I",24,"L","D2",793,0.441211286318923,"AW-1-I-24-L",0.441211286318923,0.607048382116147,4.0373916001878,0.162579080091733,1.77864022829666,0.263871340595901,0.79734490399942,0.00375355718329603,0.607314467385885,0.166649325933574,0.0735275634593336,2.28854440064935,2.45519372658292
"23","AW-1-I-24-M-D2","AW-1",1,"I",24,"M","D2",793,0.387484934078801,"AW-1-I-24-M",0.387484934078801,0.690709259438885,5.39599411571414,0.158396795534847,2.00049316655012,0.228507653051138,0.869749990123614,0.0271440198120756,0.679065865285802,0.0743862662964228,0.0288235574922375,3.93435242210444,4.00873868840086
"24","AW-1-I-24-T-D2","AW-1",1,"I",24,"T","D2",793,0.420997560014204,"AW-1-I-24-T",0.420997560014204,0.664905565115679,4.96424718678851,0.143947606496507,1.87798756806616,0.22777281280904,0.845530236606458,0.0181428186539192,0.660263576159419,0.00288214412886667,0.00121337564586213,3.21128852944936,3.21417067357823
"25","AW-1-I-27-L-D2","AW-1",1,"I",27,"L","D2",793,0.430766579723472,"AW-1-I-27-L",0.430766579723472,0.65548199826292,4.76006797421871,0.134336129680757,1.8732881780391,0.223785199741269,0.892619345649793,0.0165678981538815,0.649740252720486,-0.107515792030497,-0.0463142099992371,3.12283146429587,3.01531567226538
"26","AW-1-I-27-M-D2","AW-1",1,"I",27,"M","D2",793,0.413966402977996,"AW-1-I-27-M",0.413966402977996,0.585741128265215,3.79494131349733,0.152793880825405,1.76631699943258,0.25167551274778,0.671996580420952,0.00546509275907346,0.604329579468517,0.212237518409276,0.087859202072864,2.26150787122511,2.47374538963439
"27","AW-1-I-27-T-D2","AW-1",1,"I",27,"T","D2",793,0.427366805816503,"AW-1-I-27-T",0.427366805816503,0.664535533195754,4.95943037289135,0.19883735622024,2.22257398802103,0.291380794854014,0.845786893323903,0.0138366844606166,0.65391681475968,-0.248398436204514,-0.106157246250538,3.29423989499481,3.0458414587903
"28","AW-1-I-30-L-D2","AW-1",1,"I",30,"L","D2",793,0.426506245322616,"AW-1-I-30-L",0.426506245322616,0.670742254909633,5.06367587796537,0.163446041520248,2.00132072392776,0.250275395706855,0.839636004000989,0.0155844466865926,0.657774898016668,-0.119080166517602,-0.0507884347138142,3.32575426457143,3.20667409805382
"29","AW-1-I-30-M-D2","AW-1",1,"I",30,"M","D2",793,0.444359195871015,"AW-1-I-30-M",0.444359195871015,0.665526177894438,4.91107627633186,0.217485146485557,2.16773260851764,0.311955124356935,0.833898875523006,0.0142195855767783,0.644552261304474,-0.164258489363552,-0.0729897702485755,3.09166012440943,2.92740163504588
"30","AW-1-I-30-T-D2","AW-1",1,"I",30,"T","D2",793,0.419809138086072,"AW-1-I-30-T",0.419809138086072,0.649665013341196,4.71086433325473,0.191482813472474,2.13008991054883,0.285058857481625,0.841027972159204,0.0180497732722294,0.640114057571004,-0.165568484287435,-0.0695071626829256,3.06964934790692,2.90408086361948
"31","AW-1-O-1-L-D2","AW-1",1,"O",1,"L","D2",793,0.496147823920857,"AW-1-O-1-L",0.496147823920857,0.609056819464089,4.08243816384228,0.18869954322768,1.97683203897969,0.314132486267059,1.00514863247453,0.0171391035670231,0.572867502465242,-0.194048641449856,-0.0962768111901448,1.58060985711872,1.38656121566886
"32","AW-1-O-1-M-D2","AW-1",1,"O",1,"M","D2",793,0.481695827335921,"AW-1-O-1-M",0.481695827335921,0.514840914190608,3.11962209994803,0.177681309669025,1.57771528592294,0.30088379011771,0.743034794828484,-0.0113384308125026,0.532380389959989,0.421800328195082,0.203179458060493,1.40076381436574,1.82256414256082
"33","AW-1-O-1-T-D2","AW-1",1,"O",1,"T","D2",793,0.492443104509296,"AW-1-O-1-T",0.492443104509296,0.565390344662275,3.62168137461353,0.197581743749503,1.90875979331929,0.334255966526932,0.856257361600396,0.00625084660764003,0.545325632713799,-0.14323564045492,-0.0705354034619979,1.56038006619279,1.41714442573787
"34","AW-1-O-2-L-D2","AW-1",1,"O",2,"L","D2",793,0.467859248339661,"AW-1-O-2-L",0.467859248339661,0.57152781333445,3.6286342925919,0.258046466654184,2.04824062646587,0.384943163779444,0.854590838166198,0.00804433589672184,0.555145537472672,0.0385015170778398,0.0180132908399747,1.88094681219979,1.91944832927763
"35","AW-1-O-2-M-D2","AW-1",1,"O",2,"M","D2",793,0.52206176871133,"AW-1-O-2-M",0.52206176871133,0.512630897027617,3.10576338824806,0.201749562299404,1.68377540598273,0.34969594460339,0.819492828008176,-0.00243183473049838,0.515302908375351,0.112777054940913,0.0588765887725077,1.28683871824041,1.39961577318133
"36","AW-1-O-2-T-D2","AW-1",1,"O",2,"T","D2",793,0.504024461406891,"AW-1-O-2-T",0.504024461406891,0.580672236423916,3.74360151915333,0.213723563819487,1.95279234662296,0.351593332789107,0.999413879774457,0.0153412501805104,0.546456081434163,-0.135362791498337,-0.0682261580794827,1.47638449523734,1.341021703739
"37","AW-1-O-3-L-D2","AW-1",1,"O",3,"L","D2",793,0.496163717759619,"AW-1-O-3-L",0.496163717759619,0.573496449476078,3.71170309193828,0.249965125223423,2.00740791498698,0.387388116831501,0.949981963135618,0.0138779169551353,0.546353206651751,-0.0752285431747874,-0.0373256736632425,1.67053286897414,1.59530432579936
"38","AW-1-O-3-M-D2","AW-1",1,"O",3,"M","D2",793,0.495208145636821,"AW-1-O-3-M",0.495208145636821,0.581609433558655,3.78088065102911,0.210441855608525,1.89911166149466,0.341115137882591,0.878757308535459,0.0128985211749208,0.563593246321298,-0.0511599316253788,-0.0253348148711104,1.76196221949092,1.71080228786555
"39","AW-1-O-3-T-D2","AW-1",1,"O",3,"T","D2",793,0.540058938665697,"AW-1-O-3-T",0.540058938665697,0.47231621774781,2.77920442620439,0.193254313032705,1.64702620023383,0.35981749332724,0.79094281809671,-0.00626221231599252,0.478481176214569,-0.0181418998568934,-0.00979769518209321,1.09565625182706,1.07751435197016
"40","AW-1-O-4-L-D2","AW-1",1,"O",4,"L","D2",793,0.45330854705231,"AW-1-O-4-L",0.45330854705231,0.520283821681801,3.13300120217943,0.282932580954071,1.97920633558842,0.416491551935589,0.793391919986419,-0.0137549189198488,0.517717372294415,0.17506136479466,0.0793568129200618,1.60779080675167,1.78285217154633
"41","AW-1-O-4-M-D2","AW-1",1,"O",4,"M","D2",793,0.489494950678067,"AW-1-O-4-M",0.489494950678067,0.606045523514401,4.02940185501911,0.287110768341979,2.18165197667797,0.412956045887181,0.952688359747397,0.0238286259367519,0.57536671849646,-0.102198481512469,-0.0500256406673196,1.89803226029397,1.7958337787815
"42","AW-1-O-4-T-D2","AW-1",1,"O",4,"T","D2",793,0.530531675736212,"AW-1-O-4-T",0.530531675736212,0.524409196958801,3.18322407957979,0.209356896433412,1.80089034680143,0.367651764623175,0.852153796292815,0.00433530563610918,0.509379947474115,-0.0782461350450796,-0.041512053145348,1.18382853160766,1.10558239656258
"43","AW-1-T-03-L-D2","AW-1",1,"T",3,"L","D2",793,0.421464896631224,"AW-1-T-03-L",0.421464896631224,0.687080604777664,5.41644025382661,0.130698360000415,1.87766958555328,0.208106536402091,0.97595983380544,0.0221163245760162,0.675622703725167,-0.0351523477361857,-0.0148154806049763,3.68492957574435,3.64977722800816
"44","AW-1-T-03-M-D2","AW-1",1,"T",3,"M","D2",793,0.421013133208256,"AW-1-T-03-M",0.421013133208256,0.664437056920226,4.97824450756079,0.155746863099219,1.94671051554342,0.240976821534801,0.916099122083668,0.0266216408634715,0.651008433837609,-0.0434909711272784,-0.0183102700205653,3.30418573876132,3.26069476763404
"45","AW-1-T-03-T-D2","AW-1",1,"T",3,"T","D2",793,0.47104937335759,"AW-1-T-03-T",0.47104937335759,0.616051307161598,4.24633435217438,0.181323775451117,1.81738135002582,0.28652056643621,0.757906201923804,0.00843115654008736,0.616623092095428,0.12960990739188,0.0610526656578804,2.4634464210815,2.59305632847338
"46","AW-1-T-06-L-D2","AW-1",1,"T",6,"L","D2",793,0.430057918170431,"AW-1-T-06-L",0.430057918170431,0.683072485150711,5.26349310591581,0.144668072432309,1.98623712403753,0.231466122474665,0.997296612364712,0.0245376799365377,0.659997445771807,-0.296179917383394,-0.127374518673793,3.33003765283268,3.03385773544929
"47","AW-1-T-06-M-D2","AW-1",1,"T",6,"M","D2",793,0.366409152189705,"AW-1-T-06-M",0.366409152189705,0.692945018835671,5.50322012937059,0.160621140256836,2.21834697516706,0.228491701666502,0.873046381476543,0.0254207337722884,0.682897458357068,-0.135299740510622,-0.0495750632119839,4.29959165877511,4.16429191826449
"48","AW-1-T-06-T-D2","AW-1",1,"T",6,"T","D2",793,0.387132351742368,"AW-1-T-06-T",0.387132351742368,0.719071415098947,6.08002444031145,0.162134976676879,2.29373105516363,0.229922188183212,0.893888612159465,0.022604049336374,0.705992200977231,-0.334436675982308,-0.129471256881931,4.81470611536535,4.48026943938304
"49","AW-1-T-09-L-D2","AW-1",1,"T",9,"L","D2",793,0.427127693403446,"AW-1-T-09-L",0.427127693403446,0.594194926468001,3.90376122833084,0.156694292786091,1.80897599183966,0.259990289363036,0.720249079944275,0.00917329404699632,0.596552622857253,0.0631944709012737,0.0269921085919122,2.12882343267791,2.19201790357918
"50","AW-1-T-09-M-D2","AW-1",1,"T",9,"M","D2",793,0.383794028633397,"AW-1-T-09-M",0.383794028633397,0.623655093899085,4.30796568423686,0.155298665024332,1.9178173262211,0.24392279463931,0.760860182988052,0.00186534314027669,0.620171218369126,-0.0105891930994284,-0.0040640690796066,2.97392917611171,2.96333998301228
"51","AW-1-T-09-T-D2","AW-1",1,"T",9,"T","D2",793,0.428414121405251,"AW-1-T-09-T",0.428414121405251,0.627321406186451,4.3788202740462,0.160898642989537,1.91844315188137,0.257171113056695,0.725721636168421,0.0111264174350899,0.628550102932983,0.00295010439633536,0.00126386638300978,2.67692367123344,2.67987377562977
"52","AW-1-T-12-L-D2","AW-1",1,"T",12,"L","D2",793,0.420382208021269,"AW-1-T-12-L",0.420382208021269,0.639255269820931,4.57210097919923,0.172269304081212,2.01905106027866,0.262405177122751,0.782417046145549,0.00439463795229941,0.641627481466788,0.0661258958362012,0.0277981500990067,3.09899264133201,3.16511853716821
"53","AW-1-T-12-M-D2","AW-1",1,"T",12,"M","D2",793,0.415722875693785,"AW-1-T-12-M",0.415722875693785,0.576790310301409,3.69896285604789,0.152623185529078,1.78476867011767,0.257671270731777,0.623745151317876,-6.98352721988642e-05,0.597868168249185,0.0513169786781171,0.0213336419479835,2.16648227717433,2.21779925585245
"54","AW-1-T-12-T-D2","AW-1",1,"T",12,"T","D2",793,0.427020418118755,"AW-1-T-12-T",0.427020418118755,0.639358487118573,4.54844633281951,0.206858193356903,2.20034356631767,0.306681209775046,0.799743599135174,0.00473597668063843,0.630227109758258,-0.19577643882489,-0.0836005367648053,2.99097318829602,2.79519674947113
"55","AW-1-T-15-L-D2","AW-1",1,"T",15,"L","D2",793,0.409763386921961,"AW-1-T-15-L",0.409763386921961,0.63717872698358,4.52584554548584,0.143557367593021,1.88159840478099,0.232826520407643,0.799513603993934,0.0135786986875947,0.640297055537011,-0.0321430700352066,-0.013171053243696,3.17235582579624,3.14021275576103
"56","AW-1-T-15-M-D2","AW-1",1,"T",15,"M","D2",793,0.386739568661454,"AW-1-T-15-M",0.386739568661454,0.668642472551091,5.02410091479063,0.144832707030877,1.95243452930723,0.223252525910237,0.895999291824213,0.0223916730620337,0.655534298425553,-0.0883395863490488,-0.0341644135203624,3.77911257070349,3.69077298435444
"57","AW-1-T-15-T-D2","AW-1",1,"T",15,"T","D2",793,0.397912556773001,"AW-1-T-15-T",0.397912556773001,0.666697046908052,4.98117801214958,0.145189720699104,2.00083420344733,0.226305440367846,0.854392718111803,0.0201199913140237,0.655884348088179,-0.0841658400151024,-0.0334906445933568,3.47876064855758,3.39459480854248
"58","AW-1-T-18-L-D2","AW-1",1,"T",18,"L","D2",793,0.392553608042458,"AW-1-T-18-L",0.392553608042458,0.560997295090838,3.52373688401947,0.120972692410388,1.59942042758147,0.21225406090516,0.678825907895548,-0.00993782305677903,0.59342270123504,0.373462352535119,0.146603993955685,2.31295218409425,2.68641453662937
"59","AW-1-T-18-M-D2","AW-1",1,"T",18,"M","D2",793,0.425890939313338,"AW-1-T-18-M",0.425890939313338,0.53885538517383,3.32069618039239,0.173608338947035,1.78289119295498,0.292472086893074,0.714508829495893,-0.00143777577393417,0.55007721433764,0.0731742221803637,0.031164238217918,1.81984148212919,1.89301570430956
"60","AW-1-T-18-T-D2","AW-1",1,"T",18,"T","D2",793,0.408985610607087,"AW-1-T-18-T",0.408985610607087,0.484852238155309,2.88389906809831,0.164622775621355,1.68794708591962,0.28766426097648,0.574182927213488,-0.00362989949651201,0.510012740364874,0.150038423723228,0.0613635563409691,1.48107941370867,1.6311178374319
"61","AW-1-T-21-L-D2","AW-1",1,"T",21,"L","D2",793,0.404206468912351,"AW-1-T-21-L",0.404206468912351,0.657955586083283,4.82737276946736,0.127749775165767,1.85709999080044,0.210706434216005,0.905502396325025,0.0237099710643353,0.649466781096215,-0.0964431912944761,-0.0389829618037786,3.27597016838721,3.17952697709274
"62","AW-1-T-21-M-D2","AW-1",1,"T",21,"M","D2",793,0.375259515570934,"AW-1-T-21-M",0.375259515570934,0.609344028255347,4.10033812930497,0.140105041676316,1.84535762144902,0.227131137651815,0.780022472636033,0.0111748618402275,0.610226319362605,0.103323152489472,0.0387729961504611,2.88860237605336,2.99192552854283
"63","AW-1-T-21-T-D2","AW-1",1,"T",21,"T","D2",793,0.37157090057476,"AW-1-T-21-T",0.37157090057476,0.705276657047567,5.77209980008831,0.154613826693411,2.15190977201964,0.221289050659286,0.87515129677882,0.0197399029920752,0.689575508943495,-0.19932906589486,-0.0740648805252788,4.78301452639648,4.58368546050162
"64","AW-1-T-24-L-D2","AW-1",1,"T",24,"L","D2",793,0.384195050519657,"AW-1-T-24-L",0.384195050519657,0.638366042924712,4.53165661493882,0.149574105035361,1.89671182953004,0.231726467654657,0.772697002581967,0.0148656568796752,0.639744385060733,0.10607064652731,0.0407518174012125,3.2823412085773,3.38841185510461
"65","AW-1-T-24-M-D2","AW-1",1,"T",24,"M","D2",793,0.386991118713957,"AW-1-T-24-M",0.386991118713957,0.664759474377266,4.94173118143345,0.1798067824626,2.2048243918445,0.262620525936406,0.819680248210738,0.0162505546686063,0.651066172204128,-0.219900446916463,-0.0850995199579011,3.6013495091663,3.38144906224984
"66","AW-1-T-24-T-D2","AW-1",1,"T",24,"T","D2",793,0.410396716826265,"AW-1-T-24-T",0.410396716826265,0.585977031648242,3.8197137500448,0.16197647796288,1.85813318086555,0.265849300943054,0.710859349684062,0.00297225209154474,0.592569460022998,0.0116742409431208,0.00479107015449552,2.40218717426399,2.41386141520711
"67","AW-1-T-27-L-D2","AW-1",1,"T",27,"L","D2",793,0.424814505831276,"AW-1-T-27-L",0.424814505831276,0.609236519923402,4.14150088231962,0.168817701817588,1.92101662489965,0.27044362217526,0.782831314119528,0.0128375406261795,0.615124229546331,-0.022736377350375,-0.00965874290849299,2.70739900686046,2.68466262951008
"68","AW-1-T-27-M-D2","AW-1",1,"T",27,"M","D2",793,0.398383541513593,"AW-1-T-27-M",0.398383541513593,0.627561567702182,4.35040653264904,0.19413489202765,2.11435575931588,0.288417305371678,0.760911053457412,0.0146695490644335,0.620435208442715,-0.0979238075165245,-0.0390112332369284,2.82819015491855,2.73026634740203
"69","AW-1-T-27-T-D2","AW-1",1,"T",27,"T","D2",793,0.404696514457404,"AW-1-T-27-T",0.404696514457404,0.569357948453947,3.61295230277936,0.181418630041497,1.92714206886444,0.294238671239779,0.751988430524077,0.0145653764494551,0.556689866182967,-0.0884775477328175,-0.0358065551752098,1.90573793265803,1.81726038492521
"70","AW-1-T-30-L-D2","AW-1",1,"T",30,"L","D2",793,0.376001002755657,"AW-1-T-30-L",0.376001002755657,0.553563823765758,3.46851435242793,0.129417058803969,1.6712454299972,0.221932610359934,0.620900093575753,-0.00593800221199422,0.583039033455627,0.316623075190415,0.119050593767176,2.26455931619859,2.58118239138901
"71","AW-1-T-30-M-D2","AW-1",1,"T",30,"M","D2",793,0.374290979287809,"AW-1-T-30-M",0.374290979287809,0.573982347434675,3.66926300894648,0.137904898614975,1.73820604327319,0.229522198301429,0.622326474649377,-0.00608092463555431,0.605700342954241,0.235435721232163,0.0881214666593178,2.57188801645652,2.80732373768868
"72","AW-1-T-30-T-D2","AW-1",1,"T",30,"T","D2",793,0.386678231115193,"AW-1-T-30-T",0.386678231115193,0.599653794343788,3.98694631553353,0.156885818532047,1.88892888281252,0.25126568548795,0.704833895695172,0.0104677319427202,0.609939493287522,0.0379655854320244,0.014680465418108,2.7029106149188,2.74087620035082
"73","DG-1-I-03-L-D2","DG-1",1,"I",3,"L","D2",793,30.5998159781712,"DG-1-I-03-L",30.5998159781712,0.713586722893338,6.23228761997141,9.84881455417669,2.57186717737305,17.0156114532695,0.704870692061555,0.074627800815726,0.691194736093852,-0.0253825543889238,-0.77670149335699,0.0502789085435005,0.0248963541545767
"74","DG-1-I-03-M-D2","DG-1",1,"I",3,"M","D2",793,20.7511883142519,"DG-1-I-03-M",20.7511883142519,0.761271905433006,7.65291522931976,10.0788339131346,2.89272293155297,13.3746211842714,0.924179574232397,0.0406474484646211,0.731747396602472,-0.0221525391478512,-0.459691511495898,0.109320381422267,0.0871678422744155
"75","DG-1-I-03-T-D2","DG-1",1,"I",3,"T","D2",793,21.2262845485015,"DG-1-I-03-T",21.2262845485015,0.668017674297485,5.11450170841339,9.26674004993554,2.25477372623608,14.1086663153459,0.912137565433588,0.0275547726800735,0.640295187538435,-0.0107591835328219,-0.22837749117723,0.0622777797995532,0.0515185962667313
"76","DG-1-I-06-L-D2","DG-1",1,"I",6,"L","D2",793,18.9952161587527,"DG-1-I-06-L",18.9952161587527,0.739486712456484,6.88902134019335,7.06854840695415,2.32048879214126,10.1798801579166,0.925931050067216,0.0374531413378073,0.718681582386015,-0.0127578745565402,-0.242338584927732,0.102426662690864,0.0896687881343236
"77","DG-1-I-06-M-D2","DG-1",1,"I",6,"M","D2",793,22.2749699879952,"DG-1-I-06-M",22.2749699879952,0.780578066890183,8.32826707491669,8.34522279784168,2.53114337890595,11.3562417862181,0.900573839157268,0.0389119686763259,0.760741079352464,-0.0151546871955396,-0.337570202458101,0.112148296305842,0.0969936091103021
"78","DG-1-I-06-T-D2","DG-1",1,"I",6,"T","D2",793,21.8989750228387,"DG-1-I-06-T",21.8989750228387,0.64851126376814,4.82244728319115,7.0491497368164,2.00448102425978,11.9523934165731,0.755271832637896,0.0213206436092335,0.639272949828519,-0.00937691471478792,-0.205344821130429,0.0555933113454523,0.0462163966306644
"79","DG-1-I-09-L-D2","DG-1",1,"I",9,"L","D2",793,20.9708255066733,"DG-1-I-09-L",20.9708255066733,0.714234201584632,6.26128186648059,6.93090643619028,2.13919579373033,10.5820061462215,0.794924183821637,0.0257290374687213,0.705593254006967,-0.00787270447617189,-0.165097111835406,0.0858154064204605,0.0779427019442886
"80","DG-1-I-09-M-D2","DG-1",1,"I",9,"M","D2",793,21.2003981033754,"DG-1-I-09-M",21.2003981033754,0.649674230571652,4.84602559252054,6.86523066316512,1.89133366776311,11.2243797654987,0.738035281729789,0.0182934784388773,0.651360606242718,-0.00183274497389023,-0.0388549230684332,0.0585833921508682,0.056750647176978
"81","DG-1-I-09-T-D2","DG-1",1,"I",9,"T","D2",793,20.9322903508289,"DG-1-I-09-T",20.9322903508289,0.685324141558457,5.58897804650754,8.61412917187956,2.25910725643464,12.8788895069281,0.866810584451647,0.0131176872167669,0.664089755398404,-0.00995308835318812,-0.208340935296387,0.0758267660417708,0.0658736776885827
"82","DG-1-I-12-L-D2","DG-1",1,"I",12,"L","D2",793,40.6026369794599,"DG-1-I-12-L",40.6026369794599,0.755438358312692,7.53482066920572,9.94917001680894,2.52272759675402,17.8609147248089,0.740691976240464,0.104935964894358,0.709143679143621,-0.0259543325562098,-1.05381434282397,0.0342974192955888,0.00834308673937896
"83","DG-1-I-12-M-D2","DG-1",1,"I",12,"M","D2",793,18.916884705001,"DG-1-I-12-M",18.916884705001,0.672610004461719,5.18204293323398,7.11849187094047,2.16909683743479,11.3671804725915,0.911766693059295,0.0279378895159174,0.649220937688039,-0.0137164511263195,-0.259472524518368,0.0760041203459322,0.0622876692196126
"84","DG-1-I-12-T-D2","DG-1",1,"I",12,"T","D2",793,22.4931245225363,"DG-1-I-12-T",22.4931245225363,0.693555057634748,5.69935730443962,12.3665874476571,2.73117353078123,17.4903444275405,0.841237292479637,0.0372018411512278,0.667236081335092,-0.0170542661126872,-0.383603731313145,0.0696344990576453,0.0525802329449581
"85","DG-1-I-15-L-D2","DG-1",1,"I",15,"L","D2",793,34.4893328400543,"DG-1-I-15-L",34.4893328400543,0.742311548046412,6.86901960148254,11.5854310813843,2.3856849353824,17.7511051954287,0.76340085422086,0.0388462205203489,0.726965440319085,-0.0115810821605006,-0.399423797281522,0.0520114764083282,0.0404303942478276
"86","DG-1-I-15-M-D2","DG-1",1,"I",15,"M","D2",793,25.9137384474127,"DG-1-I-15-M",25.9137384474127,0.708490443173333,5.97339969419597,9.0692148699999,2.21649095878317,14.0819028898128,0.7236670976445,0.0290785117351022,0.694049009563275,-0.010147863727254,-0.262969086428046,0.0551081461344963,0.0449602824072424
"87","DG-1-I-15-T-D2","DG-1",1,"I",15,"T","D2",793,19.6043091655267,"DG-1-I-15-T",19.6043091655267,0.675485685143833,5.322863594975,7.03161877634512,2.12081893408477,11.1411669674745,0.900505787076459,0.0276347905505786,0.657992758683671,-0.0100680494442715,-0.197377153999308,0.0713739041079165,0.061305854663645
"88","DG-1-I-18-L-D2","DG-1",1,"I",18,"L","D2",793,25.3842013888889,"DG-1-I-18-L",25.3842013888889,0.677867526608484,5.45381186749673,9.65866306149959,2.21362800466956,15.082335927671,0.711285554184925,0.0255856559470207,0.664392965264609,-0.0100937069755172,-0.256220690626961,0.0514148897071946,0.0413211827316775
"89","DG-1-I-18-M-D2","DG-1",1,"I",18,"M","D2",793,20.3680246167786,"DG-1-I-18-M",20.3680246167786,0.706955111490499,6.00199808939969,8.79803732508564,2.35182053371624,12.7308840387677,0.926439214310851,0.0310281187318634,0.683321308234133,-0.0122701219488724,-0.249918145905509,0.0816294251432485,0.0693593031943761
"90","DG-1-I-18-T-D2","DG-1",1,"I",18,"T","D2",793,21.3629530285073,"DG-1-I-18-T",21.3629530285073,0.706832377666831,6.00973536765198,8.37876349622991,2.2838550968751,12.5000969699426,0.879300797221628,0.0298091067499005,0.688832771518823,-0.0117810371706825,-0.251677743704389,0.0789132883894788,0.0671322512187962
"91","DG-1-I-21-L-D2","DG-1",1,"I",21,"L","D2",793,21.2715377823809,"DG-1-I-21-L",21.2715377823809,0.729263656605703,6.60116359368414,6.60283411509235,2.17659564828467,10.2866580553699,0.881512954244037,0.0280441195076795,0.715752867784049,-0.0128880425427863,-0.274148483889811,0.0900294896278529,0.0771414470850666
"92","DG-1-I-21-M-D2","DG-1",1,"I",21,"M","D2",793,26.4685606714794,"DG-1-I-21-M",26.4685606714794,0.698373392967482,5.79921840170613,8.82841014337925,2.39636278894659,14.9897676026986,0.730755174258158,0.0581994158508946,0.67317515442691,-0.0223535203179684,-0.591665508757293,0.0505836528229872,0.0282301325050188
"93","DG-1-I-21-T-D2","DG-1",1,"I",21,"T","D2",793,30.621006658115,"DG-1-I-21-T",30.621006658115,0.797731399939135,9.12336445209164,7.3398479460459,2.28670733031387,11.4445386643869,0.823898347474297,0.0444446575748456,0.788155079146015,-0.0176544896808602,-0.540598246063243,0.0900537471408576,0.0723992574599974
"94","DG-1-I-24-L-D2","DG-1",1,"I",24,"L","D2",793,24.5133673112661,"DG-1-I-24-L",24.5133673112661,0.722594691327438,6.23844518046451,7.79832342662302,2.10839919525709,12.2413830637895,0.816198481871287,0.0325069119368347,0.713544491043946,-0.0100467435344142,-0.246279514541184,0.0720533674842566,0.0620066239498424
"95","DG-1-I-24-M-D2","DG-1",1,"I",24,"M","D2",793,-58.8203781512605,"DG-1-I-24-M",-58.8203781512605,1.12124213137592,-16.397889352875,13.8052418836329,3.78947409566458,22.1700910475875,0.840491617499158,0.148393829848736,1.13267068713503,-0.0474906264619558,2.7934166071325,0.108489245775562,0.0609986193136064
"96","DG-1-I-24-T-D2","DG-1",1,"I",24,"T","D2",793,20.3799940496429,"DG-1-I-24-T",20.3799940496429,0.722752084876352,6.38521494660782,6.65298556232089,2.18197654806747,10.3742408899335,0.929868502391179,0.0364226899723887,0.701127438385152,-0.0147067955255415,-0.29972440529985,0.0884424101774088,0.0737356146518673
"97","DG-1-I-27-L-D2","DG-1",1,"I",27,"L","D2",793,20.095213310564,"DG-1-I-27-L",20.095213310564,0.654906746331467,4.91880316713535,9.00217916781607,2.19459407891735,13.5212495492039,0.807962925164539,0.0238783760733402,0.636344342739039,-0.0072534419868362,-0.145759463961274,0.0638066449385701,0.0565532029517339
"98","DG-1-I-27-M-D2","DG-1",1,"I",27,"M","D2",793,46.9729326513214,"DG-1-I-27-M",46.9729326513214,0.837421559799123,12.2845865169289,12.5102944404023,3.60438130808568,20.8349571629595,0.999820389311553,0.15696475913208,0.781997810747775,-0.0456486882845992,-2.14425276041364,0.0540770146518177,0.00842832636721851
"99","DG-1-I-27-T-D2","DG-1",1,"I",27,"T","D2",793,32.4722499526126,"DG-1-I-27-T",32.4722499526126,0.769978824056856,7.78533303454191,15.6613039695846,4.09538241140269,26.7114010987756,1.01894411309153,0.207270537022586,0.648659858623032,-0.0479755468754339,-1.55787394975237,0.0350286785006621,-0.0129468683747717
"100","DG-1-I-30-L-D2","DG-1",1,"I",30,"L","D2",793,19.7277163394133,"DG-1-I-30-L",19.7277163394133,0.671880526241813,5.29594613465673,8.17027522237357,2.23593980222978,12.544144247834,0.809779847761032,0.0282027057184363,0.651798375260793,-0.0126332735079897,-0.249225636203846,0.0731540796820706,0.0605208061740809
"101","DG-1-I-30-M-D2","DG-1",1,"I",30,"M","D2",793,54.0786403085824,"DG-1-I-30-M",54.0786403085824,0.850335152465105,13.3385051574155,22.5778298293133,5.60265317352363,38.8454188486959,1.09923563863632,0.258982670886924,0.756093110768715,-0.0544848502146982,-2.94646661702765,0.0467498950691017,-0.00773495514559648
"102","DG-1-I-30-T-D2","DG-1",1,"I",30,"T","D2",793,205.184736639754,"DG-1-I-30-T",205.184736639754,0.931245571446053,31.6906659782597,48.5112867926266,10.5449471519912,115.429954942033,1.02607900714644,0.627894842794312,0.845922590380559,-0.0566455943161091,-11.6228113515532,0.0230485622502075,-0.0335970320659016
"103","DG-1-O-1-L-D2","DG-1",1,"O",1,"L","D2",793,13.9539076863529,"DG-1-O-1-L",13.9539076863529,0.699287424424003,5.61942197585907,8.01365494211854,2.59612708363547,10.5968125972675,1.0173757561792,0.02750614239489,0.656150459266271,-0.011544691885788,-0.161093564841673,0.0947613626160905,0.0832166707303026
"104","DG-1-O-1-M-D2","DG-1",1,"O",1,"M","D2",793,20.0277566903985,"DG-1-O-1-M",20.0277566903985,0.795948041021002,8.83226540019625,7.7274035179661,2.96951480371567,10.9470593687525,1.1890732913915,0.0717830135873487,0.738902669050226,-0.0370199931013905,-0.74142741451488,0.0963370358763543,0.0593170427749638
"105","DG-1-O-1-T-D2","DG-1",1,"O",1,"T","D2",793,95.7275541795666,"DG-1-O-1-T",95.7275541795666,0.961917350747581,45.1602689412273,14.8017416132039,5.17671034646563,20.38301940644,1.16101606999814,0.151399537692619,0.946240475455925,-0.0675227574580973,-6.46378842292374,0.1231263591241,0.0556036016660024
"106","DG-1-O-2-L-D2","DG-1",1,"O",2,"L","D2",793,32.8375039054734,"DG-1-O-2-L",32.8375039054734,0.868731284136828,14.0773603211052,8.07276733656536,2.71184911554792,10.6773379785353,0.998809987538296,0.0498849184819585,0.847473952669762,-0.0189010377762654,-0.620662901795614,0.115100276459758,0.096199238683493
"107","DG-1-O-2-M-D2","DG-1",1,"O",2,"M","D2",793,-9.77637941167316,"DG-1-O-2-M",-9.77637941167316,2.95831899285297,-2.08812942581751,-24.8022114115579,-26.4489218456197,-120.402414726073,2.77680889509131,4.41229967990744,18.2739895889039,-0.0896546441695797,0.876497817420362,0.0551786826125313,-0.0344759615570484
"108","DG-1-O-2-T-D2","DG-1",1,"O",2,"T","D2",793,-16.3669152294868,"DG-1-O-2-T",-16.3669152294868,1.53253960347972,-4.87956832534319,27.0971971122166,8.45231552203105,50.6986844703856,1.16116521839363,0.374979846176565,1.85319941192518,-0.0745836892238427,1.22070491902902,0.0946202013244403,0.0200365121005976
"109","DG-1-O-3-L-D2","DG-1",1,"O",3,"L","D2",793,31.2843517788202,"DG-1-O-3-L",31.2843517788202,0.888768113901862,16.390847039351,8.29025140946535,2.76879799961712,9.6167414500972,0.931851187354769,0.0384232226077394,0.876301333288527,-0.00657314147014365,-0.205636470043925,0.163514695863111,0.156941554392967
"110","DG-1-O-3-M-D2","DG-1",1,"O",3,"M","D2",793,13.3624859344872,"DG-1-O-3-M",13.3624859344872,0.716740433280382,6.13486871532646,9.34170109808377,2.63832683497538,10.5527221787305,0.944447102808467,0.023587127876849,0.682486803096756,0.00257844901935653,0.0344544887539439,0.118520034346967,0.121098483366324
"111","DG-1-O-3-T-D2","DG-1",1,"O",3,"T","D2",793,-151.715642701525,"DG-1-O-3-T",-151.715642701525,1.05570231823188,-41.6604234589904,13.0141626793643,3.7352079889311,20.9566193143148,1.00638318976594,0.13459148887284,1.07216519761989,-0.0452168666831156,6.86010598977806,0.0789459949391342,0.0337291282560185
"112","DG-1-O-4-L-D2","DG-1",1,"O",4,"L","D2",793,13.059640248797,"DG-1-O-4-L",13.059640248797,0.720176666562224,6.22044913967301,8.12053615689947,2.30205545862979,8.91781570132615,0.86267333549593,0.0193864209755252,0.698676801343559,0.0238662992297031,0.311685282010064,0.121104657877671,0.144970957107375
"113","DG-1-O-4-M-D2","DG-1",1,"O",4,"M","D2",793,13.7461496863798,"DG-1-O-4-M",13.7461496863798,0.697938572990806,5.60844407310682,7.87550665506794,2.30812588616837,9.73812956504559,0.937712333539489,0.019136081760543,0.663146076749199,0.00796661122025411,0.109510230326806,0.0916413394445951,0.0996079506648492
"114","DG-1-O-4-T-D2","DG-1",1,"O",4,"T","D2",793,32.1051903114187,"DG-1-O-4-T",32.1051903114187,0.885260196316436,16.6921173262087,6.73864855709888,2.83886725536039,9.24086574257629,1.18808596212547,0.082372024840658,0.858643626377582,-0.035875917208408,-1.15180314957264,0.139880835065594,0.104004917857186
"115","DG-1-T-03-L-D2","DG-1",1,"T",3,"L","D2",793,13.3145493491514,"DG-1-T-03-L",13.3145493491514,0.662923913092795,4.88280878626612,5.52388860291992,2.10098615859264,8.32623070630568,0.654143929271528,0.0214680460692136,0.672973640210924,-0.00310341058957722,-0.041320513445605,0.106847467671371,0.103744057081794
"116","DG-1-T-03-M-D2","DG-1",1,"T",3,"M","D2",793,18.1918590622778,"DG-1-T-03-M",18.1918590622778,0.689025974187968,5.42597889055168,6.5609759049304,2.25950306648646,10.574444111193,0.680708540512154,0.0511225383852439,0.681890464208856,-0.0176885482024464,-0.321787575915213,0.077093776349772,0.0594052281473256
"117","DG-1-T-03-T-D2","DG-1",1,"T",3,"T","D2",793,13.4605191614475,"DG-1-T-03-T",13.4605191614475,0.689751964982171,5.37891212891874,4.1121050405004,1.94127346767939,6.64286864798849,0.679101854773923,0.0267358645581779,0.689370876862438,-0.00418653742532632,-0.056352967233722,0.108845070897766,0.104658533472439
"118","DG-1-T-06-L-D2","DG-1",1,"T",6,"L","D2",793,14.6990786753122,"DG-1-T-06-L",14.6990786753122,0.722031947983617,6.10978212558603,5.4399612896641,2.21580871589867,8.01258774421712,0.75884889328048,0.0275122916063664,0.711394342225618,-0.00834587625508063,-0.12267669168785,0.113227745004897,0.104881868749816
"119","DG-1-T-06-M-D2","DG-1",1,"T",6,"M","D2",793,13.3650413179825,"DG-1-T-06-M",13.3650413179825,0.724313009456085,6.2614152300044,4.55047650753809,2.06676794166708,6.70786104304924,0.839928061109684,0.0178928041816344,0.71805667084249,-0.00169808633677601,-0.0226949940525129,0.141489013712968,0.139790927376192
"120","DG-1-T-06-T-D2","DG-1",1,"T",6,"T","D2",793,23.6887057097234,"DG-1-T-06-T",23.6887057097234,0.852405191021559,12.3776143080894,6.26712607758811,2.98029759489074,9.19301198250696,1.03874823794138,0.0818519376037235,0.818933140998422,-0.0515234219093661,-1.22052317876889,0.154879367996581,0.103355946087214
"121","DG-1-T-09-L-D2","DG-1",1,"T",9,"L","D2",793,11.226304006769,"DG-1-T-09-L",11.226304006769,0.724960900947466,6.26305839285224,3.81152827865308,2.05250704759522,5.58706763369139,0.785283428580549,0.0213258964175281,0.72435130895711,0.00125082743646998,0.0140421690618195,0.177172335357138,0.178423162793608
"122","DG-1-T-09-M-D2","DG-1",1,"T",9,"M","D2",793,12.1426955397544,"DG-1-T-09-M",12.1426955397544,0.620145395321432,4.32151833558905,4.07845547488851,1.82862114000934,6.74367890035691,0.621771432687694,0.011506312629715,0.635299172992042,0.00217501659183508,0.0264105642685677,0.093038640556748,0.095213657148583
"123","DG-1-T-09-T-D2","DG-1",1,"T",9,"T","D2",793,13.9313433706816,"DG-1-T-09-T",13.9313433706816,0.625802802916145,4.37729898900133,4.52977730434671,1.86943571602946,7.64123932324302,0.585281768115628,0.00984956543831189,0.639709933723515,-0.00297071463465517,-0.0413860456316902,0.0851804807893706,0.0822097661547154
"124","DG-1-T-12-L-D2","DG-1",1,"T",12,"L","D2",793,11.8650721369018,"DG-1-T-12-L",11.8650721369018,0.614382530472333,4.22186052398138,4.71713072703031,1.89900441577195,7.43264185307867,0.601462903271394,0.00972091430257891,0.631349149414853,0.00296447943845327,0.0351737623856101,0.100384439323383,0.103348918761836
"125","DG-1-T-12-M-D2","DG-1",1,"T",12,"M","D2",793,11.831710529916,"DG-1-T-12-M",11.831710529916,0.609244549450085,4.17054949514075,5.06905285807595,1.94862449817475,7.82057194718082,0.664138709914871,0.0101208192954463,0.621836581423035,0.00316482385277547,0.0374452797042129,0.0963953959020532,0.0995602197548287
"126","DG-1-T-12-T-D2","DG-1",1,"T",12,"T","D2",793,11.751058239673,"DG-1-T-12-T",11.751058239673,0.676590456402415,5.20943455886264,6.6630325023968,2.34731642143004,8.72972126658568,0.80384591139997,-0.00570111523404203,0.66886607038086,-2.1594532030017e-05,-0.000253758603543214,0.159627767748959,0.159606173216929
"127","DG-1-T-15-L-D2","DG-1",1,"T",15,"L","D2",793,17.0466484268126,"DG-1-T-15-L",17.0466484268126,0.682178881294099,5.24210110942702,7.83711464721591,2.24642169343028,11.476272134948,0.899031757542233,0.0313090783131457,0.659754717609541,-0.010001642000077,-0.170494474866155,0.0827384788332788,0.0727368368332018
"128","DG-1-T-15-M-D2","DG-1",1,"T",15,"M","D2",793,17.92380128522,"DG-1-T-15-M",17.92380128522,0.649059988975375,4.70196739201348,5.82695947245711,1.8506632396286,9.53423252737501,0.687072407791191,0.010961654466875,0.657220695528177,-2.36551659494877e-05,-0.00042399049384752,0.070123645883264,0.0700999907173145
"129","DG-1-T-15-T-D2","DG-1",1,"T",15,"T","D2",793,18.2631590413943,"DG-1-T-15-T",18.2631590413943,0.673710447909007,5.144156242217,6.5725760103578,2.10007305789791,10.5278711300525,0.68889364413135,0.0340132281373193,0.665371312977902,-0.0108234741093919,-0.197670829040239,0.0712726832770702,0.0604492091676782
"130","DG-1-T-18-L-D2","DG-1",1,"T",18,"L","D2",793,17.8947346103697,"DG-1-T-18-L",17.8947346103697,0.733993854376561,6.46647714593752,5.89630807122433,2.1673404386679,8.93733989062641,0.721033295144832,0.027134658007341,0.732617938892895,-0.0101932206372355,-0.182404978128272,0.111938074721341,0.101744854084106
"131","DG-1-T-18-M-D2","DG-1",1,"T",18,"M","D2",793,14.9893048128342,"DG-1-T-18-M",14.9893048128342,0.709026114451619,5.87974199563183,5.69343090143584,2.12117529773831,8.31732853347289,0.836046279735395,0.0134975760820868,0.697212180881032,-0.00370665288265545,-0.0555601498934932,0.125817299604611,0.122110646721955
"132","DG-1-T-18-T-D2","DG-1",1,"T",18,"T","D2",793,18.1647990483999,"DG-1-T-18-T",18.1647990483999,0.664468452940702,4.93634853258566,5.91697465445377,1.96980016302464,9.72660045759035,0.586172190189031,0.0158683589907574,0.671091638592251,-0.00584926084719714,-0.106250647871009,0.0719668589023854,0.0661175980551882
"133","DG-1-T-21-L-D2","DG-1",1,"T",21,"L","D2",793,17.3312873189477,"DG-1-T-21-L",17.3312873189477,0.732248598803457,6.44172754100811,5.20581891141886,2.06526561441221,8.1086906425947,0.728511432390985,0.0340836409134335,0.728266853709149,-0.00934426859437187,-0.161948203794479,0.107043611886982,0.0976993432926106
"134","DG-1-T-21-M-D2","DG-1",1,"T",21,"M","D2",793,29.433115778317,"DG-1-T-21-M",29.433115778317,0.806610678875438,9.03746196265243,8.42669308398355,3.08349357962826,14.4965137334371,0.736329215073992,0.139655657051069,0.754182363891597,-0.0509054108250445,-1.49830485055633,0.0593686251249751,0.00846321429993069
"135","DG-1-T-21-T-D2","DG-1",1,"T",21,"T","D2",793,14.3294564771886,"DG-1-T-21-T",14.3294564771886,0.604789770579524,4.05449024824428,5.71338607469107,1.89553324888214,9.21005454428876,0.684192263470928,0.0197616484014468,0.608220123889364,-0.000829363433992092,-0.0118843272311614,0.068123531844418,0.0672941684104259
"136","DG-1-T-24-L-D2","DG-1",1,"T",24,"L","D2",793,13.1755529798126,"DG-1-T-24-L",13.1755529798126,0.736971619623869,6.58355162179551,5.82456452285991,2.44649153881272,8.07905744924373,0.841924830612547,0.0488037542078473,0.716654896075992,-0.0189802045255025,-0.250074690293437,0.144562162353519,0.125581957828017
"137","DG-1-T-24-M-D2","DG-1",1,"T",24,"M","D2",793,14.9387869290394,"DG-1-T-24-M",14.9387869290394,0.636032920309884,4.47314354262365,7.24010190026505,2.0890766706082,10.5433251212398,0.601900042547143,-0.00331630297406608,0.646016954004272,0.000670508030335137,0.0100165765993865,0.0915899566128351,0.0922604646431702
"138","DG-1-T-24-T-D2","DG-1",1,"T",24,"T","D2",793,12.7378376099604,"DG-1-T-24-T",12.7378376099604,0.676727375212894,5.19589145603316,7.33377682081223,2.34827400707586,9.66160381263882,0.800252374344941,0.00998273944740223,0.663923422109958,-0.00304623311687952,-0.0388024227648948,0.131530820647396,0.128484587530517
"139","DG-1-T-27-L-D2","DG-1",1,"T",27,"L","D2",793,17.088505854364,"DG-1-T-27-L",17.088505854364,0.691869901282193,5.50051003639114,6.29168560515957,2.24968650560964,10.0305442997596,0.595072793648252,0.0391615531743743,0.692952469274062,-0.0188796299916948,-0.322624667641304,0.0860133240201918,0.067133694028497
"140","DG-1-T-27-M-D2","DG-1",1,"T",27,"M","D2",793,23.5126858338576,"DG-1-T-27-M",23.5126858338576,0.677202546312199,5.09429988414957,7.87132380904032,2.4101771128785,14.2513280399345,0.527676001736529,0.0895881560998703,0.660281937511543,-0.0282450393677044,-0.664116737017773,0.0444355845367343,0.01619054516903
"141","DG-1-T-27-T-D2","DG-1",1,"T",27,"T","D2",793,13.3242661357928,"DG-1-T-27-T",13.3242661357928,0.664094091468229,4.90635953158389,8.82359031695223,2.51262206248853,11.5402133857615,0.718835447985001,0.0206282276324761,0.652343618820817,-0.00838287538385335,-0.111695662597648,0.109861008484819,0.101478133100965
"142","DG-1-T-30-L-D2","DG-1",1,"T",30,"L","D2",793,16.7108813743138,"DG-1-T-30-L",16.7108813743138,0.693512625957363,5.58115759279898,5.61698823140557,2.15298693067236,9.10087837461298,0.642526368359256,0.0365299892495789,0.690284609367059,-0.0176219407856864,-0.294478162054788,0.0973251709604683,0.0797032301747819
"143","DG-1-T-30-M-D2","DG-1",1,"T",30,"M","D2",793,11.7321583314974,"DG-1-T-30-M",11.7321583314974,0.616839719375788,4.16879695919073,8.74340938967246,2.45949161484746,11.4253621815232,0.717949831967744,0.0128165507478604,0.606393128013096,-0.00400276231434146,-0.046961041235205,0.0994443600100305,0.0954415976956891
"144","DG-1-T-30-T-D2","DG-1",1,"T",30,"T","D2",793,204.757093425606,"DG-1-T-30-T",204.757093425606,0.975116444180492,55.3091576497035,10.4020073926138,3.36117337490569,18.1412937555447,0.654403332101159,0.120149380007108,0.971679209885539,-0.0501563093085658,-10.2698601109776,0.0893864196575592,0.0392301103489935
"145","LLT-1-I-03-L-D2","LLT-1",1,"I",3,"L","D2",793,0.402472390696459,"LLT-1-I-03-L",0.402472390696459,0.623795335426696,4.30728777577719,0.153856223090542,1.84602080771286,0.243129419480592,0.856934768052248,0.0183769666768332,0.62355556232621,0.126404644104454,0.0508743793078547,2.98162501115737,3.10802965526182
"146","LLT-1-I-03-M-D2","LLT-1",1,"I",3,"M","D2",793,0.441677783946372,"LLT-1-I-03-M",0.441677783946372,0.611965624016671,4.17734419274338,0.228588043966937,2.12603856352501,0.338701168367011,0.835169008206379,0.0175594536762275,0.592627384076954,-0.117194824766086,-0.0517623504926683,2.31209794738578,2.1949031226197
"147","LLT-1-I-03-T-D2","LLT-1",1,"I",3,"T","D2",793,0.437195742410734,"LLT-1-I-03-T",0.437195742410734,0.591318197507104,3.91793903100702,0.198868280526039,1.98674450047425,0.310835385034856,0.721688996057561,0.00786250742339775,0.582286556388029,-0.0287100239924536,-0.0125519002540107,2.17165124583511,2.14294122184266
"148","LLT-1-I-06-L-D2","LLT-1",1,"I",6,"L","D2",793,0.417449031375491,"LLT-1-I-06-L",0.417449031375491,0.658646179888057,4.87625480984107,0.220744764766961,2.23724935531158,0.306712795653093,0.921816804487285,0.0171464532134753,0.638073051198387,-0.0983432292755477,-0.0410532858034152,3.3422010977319,3.24385786845635
"149","LLT-1-I-06-M-D2","LLT-1",1,"I",6,"M","D2",793,0.424538214484833,"LLT-1-I-06-M",0.424538214484833,0.511362339554895,3.10730926920954,0.240225041020055,1.94632520874343,0.371474390912079,0.662616796591585,-0.00745302179419885,0.523077069733192,0.0879934942893286,0.0373566009518729,1.93118373095958,2.01917722524891
"150","LLT-1-I-06-T-D2","LLT-1",1,"I",6,"T","D2",793,0.410810091188923,"LLT-1-I-06-T",0.410810091188923,0.644196182535952,4.6671624512979,0.211589761950933,2.22596941193827,0.303267701386255,0.860047104185701,0.0021927492770812,0.628423287607211,-0.161920144890079,-0.0665184294876169,3.61946250742853,3.45754236253845
"151","LLT-1-I-09-L-D2","LLT-1",1,"I",9,"L","D2",793,0.388164232976566,"LLT-1-I-09-L",0.388164232976566,0.621889558324554,4.29736464744658,0.197066436333417,2.10738152352409,0.289687653739814,0.828011602416123,0.014933985706776,0.614477736017594,-0.0891483369343504,-0.0346041958272586,3.05942491540486,2.97027657847051
"152","LLT-1-I-09-M-D2","LLT-1",1,"I",9,"M","D2",793,0.455905008216093,"LLT-1-I-09-M",0.455905008216093,0.597394646567215,4.00388361501999,0.229537320962376,2.09455000246857,0.348783871018711,0.824404056106304,0.0148728037515257,0.584354471800458,-0.126471212592009,-0.0576588592158593,2.31232924747092,2.18585803487891
"153","LLT-1-I-09-T-D2","LLT-1",1,"I",9,"T","D2",793,0.416741353984919,"LLT-1-I-09-T",0.416741353984919,0.524486025172881,3.21895393864726,0.158521701036822,1.70700955762556,0.273985488476041,0.693803206964935,0.00701710117100564,0.53816186662936,0.116647909494768,0.0486120077423599,1.7032065539833,1.81985446347807
"154","LLT-1-I-12-L-D2","LLT-1",1,"I",12,"L","D2",793,0.401882136740211,"LLT-1-I-12-L",0.401882136740211,0.577605524546646,3.75733858752073,0.149251848390419,1.72212688379303,0.2434265981744,0.662236445418811,-0.00940389340198637,0.602050249236755,0.33706101962236,0.135458802777668,2.52164176753146,2.85870278715382
"155","LLT-1-I-12-M-D2","LLT-1",1,"I",12,"M","D2",793,0.407279473104033,"LLT-1-I-12-M",0.407279473104033,0.595587983888522,3.92591987642181,0.176148654744447,1.94641557551094,0.280121154703842,0.747267920174908,0.0168998969798989,0.592225095381828,-0.047929004667381,-0.0195204997673317,2.3461399067545,2.29821090208712
"156","LLT-1-I-12-T-D2","LLT-1",1,"I",12,"T","D2",793,0.428667302694345,"LLT-1-I-12-T",0.428667302694345,0.639677070249637,4.61325968489823,0.186869542639679,2.05075349702179,0.28224288429156,0.828889769113834,0.00577390707526467,0.631980873684512,-0.0874219148493314,-0.0374749164348376,3.04290928788945,2.95548737304012
"157","LLT-1-I-15-L-D2","LLT-1",1,"I",15,"L","D2",793,0.399695791742963,"LLT-1-I-15-L",0.399695791742963,0.554342931169621,3.48456428498496,0.171502017655583,1.86297270333275,0.280541070882206,0.685932121432317,0.00629209179674763,0.570425715243539,0.0677428599562244,0.0270765360451358,2.11079128745646,2.17853414741269
"158","LLT-1-I-15-M-D2","LLT-1",1,"I",15,"M","D2",793,0.423219754679622,"LLT-1-I-15-M",0.423219754679622,0.555238518152196,3.53491021928787,0.187999684275428,1.90856781038268,0.304181136597233,0.696690990686001,0.00731704725033594,0.567685840876622,0.024038988666832,0.0101737748863228,2.00001635286911,2.02405534153594
"159","LLT-1-I-15-T-D2","LLT-1",1,"I",15,"T","D2",793,0.426170418969877,"LLT-1-I-15-T",0.426170418969877,0.663258532215115,4.92371795077002,0.196114654397458,2.15353057106611,0.287948014996641,0.84644031316266,0.00926016904108634,0.64226858840929,-0.20742605278896,-0.0883988478223388,3.40745769071899,3.20003163793003
"160","LLT-1-I-18-L-D2","LLT-1",1,"I",18,"L","D2",793,0.429511707671348,"LLT-1-I-18-L",0.429511707671348,0.562475093985146,3.61601435483894,0.161607507558753,1.75491710466401,0.268817270246389,0.630973385161339,-0.00320042089684396,0.585063790434151,0.188190014179425,0.0808298143569001,2.21433549613361,2.40252551031303
"161","LLT-1-I-18-M-D2","LLT-1",1,"I",18,"M","D2",793,0.465261177784897,"LLT-1-I-18-M",0.465261177784897,0.588725764952835,3.86551061566572,0.171403293286277,1.71167898523513,0.279402126350684,0.644552611921051,-0.00171489654489975,0.605174602131039,0.241973795311739,0.112581012999821,2.14969548972592,2.39166928503766
"162","LLT-1-I-18-T-D2","LLT-1",1,"I",18,"T","D2",793,0.449511093560168,"LLT-1-I-18-T",0.449511093560168,0.539187077870602,3.32379078033847,0.167743651761132,1.69972131665151,0.286646960909257,0.598050210829614,-0.00489710565978941,0.571640943476157,0.17926532341608,0.0805817515661792,1.91996519274479,2.09923051616087
"163","LLT-1-I-21-L-D2","LLT-1",1,"I",21,"L","D2",793,0.457832975975997,"LLT-1-I-21-L",0.457832975975997,0.635572170059064,4.4708764969168,0.271057009189844,2.2704486093796,0.373151782459983,0.827312411570951,0.00717793796592846,0.617897905888651,-0.0807455780555095,-0.0369679882980561,2.81048029815983,2.72973472010432
"164","LLT-1-I-21-M-D2","LLT-1",1,"I",21,"M","D2",793,0.436278922584099,"LLT-1-I-21-M",0.436278922584099,0.678111663756602,5.19102633419983,0.180103429985347,2.06648383569225,0.266360672611583,0.88947569283918,0.0188040168002906,0.662995580181441,-0.0965538759395672,-0.0421244209662331,3.58343856141839,3.48688468547882
"165","LLT-1-I-21-T-D2","LLT-1",1,"I",21,"T","D2",793,0.440211948675379,"LLT-1-I-21-T",0.440211948675379,0.500684079274631,2.98369942884231,0.207154864983515,1.83728824983781,0.347698993640402,0.646512007064478,-0.00306704558254835,0.516180237884784,0.005386680811029,0.00237128125671535,1.53928057263904,1.54466725345007
"166","LLT-1-I-24-L-D2","LLT-1",1,"I",24,"L","D2",793,0.441536907170245,"LLT-1-I-24-L",0.441536907170245,0.660377591646237,4.92378307065165,0.207491323867654,2.11868003528268,0.297671754546416,0.851181675697267,0.0202881252374141,0.640923549559455,-0.0460469198633131,-0.0203314145811634,3.16882476702144,3.12277784715813
"167","LLT-1-I-24-M-D2","LLT-1",1,"I",24,"M","D2",793,0.395594870899139,"LLT-1-I-24-M",0.395594870899139,0.652540931604125,4.73625400195827,0.220175996121259,2.23062607291579,0.30042580586296,0.812600901341036,0.0168377068550098,0.637862682552873,-0.000868780501597222,-0.000343685110369042,3.31372797933134,3.31285919882974
"168","LLT-1-I-24-T-D2","LLT-1",1,"I",24,"T","D2",793,0.430300856677928,"LLT-1-I-24-T",0.430300856677928,0.507111189974282,3.01901787657769,0.20042887774607,1.73581728338122,0.326231194379889,0.643116541158438,-0.0185817005739886,0.526089331792889,0.249324500247512,0.107284546047301,1.8848115910831,2.13413609133061
"169","LLT-1-I-27-L-D2","LLT-1",1,"I",27,"L","D2",793,0.423981355941433,"LLT-1-I-27-L",0.423981355941433,0.657559930445281,4.84634885926135,0.173084803044985,2.09706125489646,0.262063577742863,0.920817516543672,0.0152252381803234,0.650993597020054,-0.0616355026754496,-0.0261323039984689,3.46577137856153,3.40413587588608
"170","LLT-1-I-27-M-D2","LLT-1",1,"I",27,"M","D2",793,0.431506750067017,"LLT-1-I-27-M",0.431506750067017,0.559599857993059,3.55620023981943,0.199960778740968,1.85134996802091,0.315730726662613,0.676463591482507,-0.00254682470231916,0.575780363172691,0.102010616926647,0.0440182697823487,2.12809792316365,2.2301085400903
"171","LLT-1-I-27-T-D2","LLT-1",1,"I",27,"T","D2",793,0.432810184879342,"LLT-1-I-27-T",0.432810184879342,0.655442536502156,4.78649531096565,0.238740859023823,2.27733352625177,0.327585968708922,0.881450474802953,0.00701351356250527,0.641702049936215,-0.0550131923356494,-0.0238102699455952,3.18615146114013,3.13113826880448
"172","LLT-1-I-30-L-D2","LLT-1",1,"I",30,"L","D2",793,0.409689965105416,"LLT-1-I-30-L",0.409689965105416,0.541711448956331,3.38353557013455,0.201650659867395,1.83502099185918,0.311260880914692,0.607723918167226,-0.00249788130139954,0.556730916970287,0.270838723268907,0.110959907085234,1.89596227409736,2.16680099736627
"173","LLT-1-I-30-M-D2","LLT-1",1,"I",30,"M","D2",793,0.44613775267633,"LLT-1-I-30-M",0.44613775267633,0.588768126110342,3.87771363239285,0.162932024739298,1.7704732305185,0.270856527960384,0.830383092407146,0.0107303400365986,0.583637002649842,0.0754763931159017,0.0336728684048436,2.13188054467403,2.20735693778994
"174","LLT-1-I-30-T-D2","LLT-1",1,"I",30,"T","D2",793,0.444873500092962,"LLT-1-I-30-T",0.444873500092962,0.524460077020236,3.18789092275883,0.206992852499937,1.77058383449131,0.329779551178092,0.6175831835914,-0.0198774412505512,0.542739961545036,0.288711397972894,0.128440050132934,1.75619882098834,2.04491021896123
"175","LLT-1-O-1-L-D2","LLT-1",1,"O",1,"L","D2",793,13.0199121887941,"LLT-1-O-1-L",13.0199121887941,0.550248685495875,3.43342293597106,2.51135835541655,1.51470317830149,5.29488707668718,0.893855103108854,0.0205928599808417,0.546228990822263,-0.00906925058496055,-0.118080846234356,0.0567568680874725,0.047687617502512
"176","LLT-1-O-1-M-D2","LLT-1",1,"O",1,"M","D2",793,12.1693388028621,"LLT-1-O-1-M",12.1693388028621,0.451199979555958,2.59797554011845,4.1385489344259,1.5443286248271,7.8218053019824,0.784665091039361,0.00945731385539168,0.464659605197441,0.00429458469487393,0.052262256169507,0.041429721775224,0.045724306470098
"177","LLT-1-O-1-T-D2","LLT-1",1,"O",1,"T","D2",793,12.0929012270189,"LLT-1-O-1-T",12.0929012270189,0.524221286040688,3.20279752685675,2.69096313426328,1.5168953588113,5.51965595177174,0.903915400554073,0.0120427625815558,0.51890306873818,-0.00502491895077456,-0.0607658485454922,0.0566330564833721,0.0516081375325976
"178","LLT-1-O-2-L-D2","LLT-1",1,"O",2,"L","D2",793,12.3729866543949,"LLT-1-O-2-L",12.3729866543949,0.358747517555517,2.11620138873356,1.83574732324257,1.17157026593992,4.24094122657755,0.803171348170965,-0.0213468184270669,0.383566215511019,0.0122957775451258,0.15213549147125,0.0124564339054412,0.024752211450567
"179","LLT-1-O-2-M-D2","LLT-1",1,"O",2,"M","D2",793,11.5978214281981,"LLT-1-O-2-M",11.5978214281981,0.454704647770707,2.66044671697037,3.07476517367876,1.49457723160149,6.29253281623131,0.886185486511257,0.00932691420004864,0.45462974074555,-0.00270622522796002,-0.031386316938365,0.0446992608067092,0.0419930355787491
"180","LLT-1-O-2-T-D2","LLT-1",1,"O",2,"T","D2",793,11.9813366960908,"LLT-1-O-2-T",11.9813366960908,0.484626046492862,2.8710525023543,3.24360989970906,1.55085058415918,6.51168532959194,0.873198890094073,0.00772624541984608,0.482557717684035,-0.00443828688317552,-0.0531766095011693,0.0499427650072185,0.045504478124043
"181","LLT-1-O-3-L-D2","LLT-1",1,"O",3,"L","D2",793,36.1318627450981,"LLT-1-O-3-L",36.1318627450981,0.786286081303876,7.78605612964975,2.85536570638196,1.55270552336077,6.2406398440995,0.796995816252055,0.0267806153381537,0.786207382781265,-0.0138662747279132,-0.501014335254783,0.047695950890906,0.0338296761629928
"182","LLT-1-O-3-M-D2","LLT-1",1,"O",3,"M","D2",793,36.8706171107994,"LLT-1-O-3-M",36.8706171107994,0.780333859719248,7.41964692320493,3.19819377347095,1.54499868050273,6.85885171853297,0.740832509357453,0.0186067835249466,0.783496086098027,-0.010156125201124,-0.374462603619983,0.0428073992563291,0.0326512740552052
"183","LLT-1-O-3-T-D2","LLT-1",1,"O",3,"T","D2",793,12.1624704786007,"LLT-1-O-3-T",12.1624704786007,0.550545670228867,3.4417937982766,2.88257260498083,1.55344855918422,5.68832131342051,0.897887113353145,0.00995255678748883,0.548230797667264,-0.00320097267530564,-0.0389317356662124,0.066210428040585,0.0630094553652793
"184","LLT-1-O-4-L-D2","LLT-1",1,"O",4,"L","D2",793,11.7036306823763,"LLT-1-O-4-L",11.7036306823763,0.467634312690523,2.75508231703428,1.93513976835401,1.37192596732393,4.38092241342964,0.878696195753987,0.0124133634078273,0.47140979432462,-0.00455194059368752,-0.0532742315966354,0.0404058673217488,0.0358539267280613
"185","LLT-1-O-4-M-D2","LLT-1",1,"O",4,"M","D2",793,12.2639179296654,"LLT-1-O-4-M",12.2639179296654,0.441513229680678,2.61525069695322,1.62561299670436,1.27038966238078,3.82899576350766,0.83097527496117,0.00728256538460927,0.457515017196132,0.000384296902158354,0.00471298566869471,0.0321180148060387,0.032502311708197
"186","LLT-1-O-4-T-D2","LLT-1",1,"O",4,"T","D2",793,12.4486939603428,"LLT-1-O-4-T",12.4486939603428,0.462995708676492,2.71781623906503,1.66924031323312,1.3183779045869,3.95296179074813,0.811129517401898,0.00553200444692144,0.476585376744206,-0.00538985520805965,-0.0670966579756944,0.0372364424302137,0.031846587222154
"187","LLT-1-T-03-L-D2","LLT-1",1,"T",3,"L","D2",793,0.413219004834422,"LLT-1-T-03-L",0.413219004834422,0.534955300470148,3.28690780744536,0.201954377368258,1.83420386964802,0.315646721228532,0.535610208341672,-0.0160071580347826,0.576030949710681,0.256883667124301,0.106149213287321,2.19962783386209,2.45651150098639
"188","LLT-1-T-03-M-D2","LLT-1",1,"T",3,"M","D2",793,0.466451283315106,"LLT-1-T-03-M",0.466451283315106,0.575967252926034,3.75528323991818,0.197988025071513,1.82406512047865,0.313710953932395,0.639910461445224,-0.00398915998563944,0.598375260356456,0.162707403058329,0.0758950769614258,2.26696094418978,2.42966834724811
"189","LLT-1-T-03-T-D2","LLT-1",1,"T",3,"T","D2",793,0.436854684222956,"LLT-1-T-03-T",0.436854684222956,0.577271907654105,3.67326717850214,0.14978848093461,1.66904409682907,0.251451981623862,0.546629516599806,-0.0161207986642412,0.615421266862961,0.33903319349978,0.148108238687447,2.28427823999433,2.62331143349411
"190","LLT-1-T-06-L-D2","LLT-1",1,"T",6,"L","D2",793,0.451642263451817,"LLT-1-T-06-L",0.451642263451817,0.593993251069482,3.93506008392675,0.186620753236498,1.81289130536811,0.289998114670427,0.619080247731841,-0.00770720996894551,0.628565568629197,0.298058693391543,0.134615902924848,2.59526667703786,2.89332537042941
"191","LLT-1-T-06-M-D2","LLT-1",1,"T",6,"M","D2",793,0.41609668356978,"LLT-1-T-06-M",0.41609668356978,0.611562252104888,4.11427613101914,0.186771304156219,1.91870552767072,0.282103017737318,0.662353161000216,-0.000232989183641177,0.63442024614293,0.190039819287068,0.0790749385515493,2.93009987002407,3.12013968931114
"192","LLT-1-T-06-T-D2","LLT-1",1,"T",6,"T","D2",793,0.435579762948175,"LLT-1-T-06-T",0.435579762948175,0.573306266383284,3.69428283257222,0.192619404196549,1.82913884698787,0.30040992797184,0.555594945242029,-0.00909689397186986,0.608490671773158,0.242363395821133,0.105568590499084,2.3532359304692,2.59559932629033
"193","LLT-1-T-09-L-D2","LLT-1",1,"T",9,"L","D2",793,0.37253229650069,"LLT-1-T-09-L",0.37253229650069,0.688104632912686,5.38351617832092,0.166351248207219,2.0484759558098,0.229997438025977,0.770671109544201,0.00767916746619835,0.688734893847579,0.233423970040469,0.0869579676174843,4.57608713738218,4.80951110742265
"194","LLT-1-T-09-M-D2","LLT-1",1,"T",9,"M","D2",793,0.409502660481611,"LLT-1-T-09-M",0.409502660481611,0.57925883504803,3.72917332542356,0.161332814280242,1.72661418772921,0.257311335595911,0.605402581055557,-0.0146751638112339,0.612187668866945,0.388364492374733,0.159036292864044,2.47545639835831,2.86382089073304
"195","LLT-1-T-09-T-D2","LLT-1",1,"T",9,"T","D2",793,0.415229517522593,"LLT-1-T-09-T",0.415229517522593,0.64904450489648,4.69914424212279,0.229592884486925,2.20367493521348,0.311487722813382,0.770720774480614,-0.00668238426238776,0.651482239309977,0.0982642816327246,0.0408022302520604,3.57034701979965,3.66861130143238
"196","LLT-1-T-12-L-D2","LLT-1",1,"T",12,"L","D2",793,0.418819664617984,"LLT-1-T-12-L",0.418819664617984,0.550454914769764,3.43935457872556,0.204625308810959,1.92823049813234,0.31852738870051,0.633144842484927,-0.00605540937248377,0.584085057518146,0.169639939903715,0.0710485427362889,2.28807413692346,2.45771407682717
"197","LLT-1-T-12-M-D2","LLT-1",1,"T",12,"M","D2",793,0.410792938286439,"LLT-1-T-12-M",0.410792938286439,0.695450989668318,5.54281997559332,0.264720646570801,2.41241788328458,0.320416279600317,0.693312286790379,0.000728523504089692,0.68768488933431,0.0855655490678675,0.0351497233176818,4.19248450216545,4.27805005123332
"198","LLT-1-T-12-T-D2","LLT-1",1,"T",12,"T","D2",793,0.457763402427801,"LLT-1-T-12-T",0.457763402427801,0.579420724931328,3.75572367747911,0.228776492928006,1.97285997776152,0.344912466079587,0.620446890809924,-0.00979371291236903,0.599124286556472,0.127986834958537,0.0585876890365853,2.49246582661614,2.62045266157468
"199","LLT-1-T-15-L-D2","LLT-1",1,"T",15,"L","D2",793,0.437686721485398,"LLT-1-T-15-L",0.437686721485398,0.517802483962426,3.14515353108413,0.21289341731434,1.91054770104855,0.350141403482649,0.731796807030252,0.00162254325073606,0.519745294079952,-0.0424984262718668,-0.0186009968632223,1.70976467986545,1.66726625359358
"200","LLT-1-T-15-M-D2","LLT-1",1,"T",15,"M","D2",793,0.411756877453056,"LLT-1-T-15-M",0.411756877453056,0.517850607162737,3.18182670947174,0.2253094045219,1.94676294726763,0.349534571956581,0.710401295705362,-0.00303975268513714,0.518450595381548,0.0930276760708573,0.0383047854156506,1.75694538211699,1.84997305818785
"201","LLT-1-T-15-T-D2","LLT-1",1,"T",15,"T","D2",793,0.40959937123598,"LLT-1-T-15-T",0.40959937123598,0.656441352666353,4.80531595453827,0.212278349370241,2.30159403854133,0.304466153941895,0.887103607389412,0.008333226093439,0.635240968449486,-0.286824927882141,-0.11748331011533,3.53801279487758,3.25118786699544
"202","LLT-1-T-18-L-D2","LLT-1",1,"T",18,"L","D2",793,0.409600291981864,"LLT-1-T-18-L",0.409600291981864,0.599139179796805,4.01007247318662,0.164628990752932,1.85776221826766,0.263219006765187,0.728649203712228,0.0164835206089161,0.60644458907925,0.0656557541561194,0.026892616072636,2.42295843838501,2.48861419254113
"203","LLT-1-T-18-M-D2","LLT-1",1,"T",18,"M","D2",793,0.449866336451678,"LLT-1-T-18-M",0.449866336451678,0.596731777305066,3.99661762642007,0.179683618526993,1.89283673971866,0.291598735733057,0.828317886086035,0.012487915517444,0.587081426433425,-0.0514841187407313,-0.023160971883336,2.26372769771649,2.21224357897575
"204","LLT-1-T-18-T-D2","LLT-1",1,"T",18,"T","D2",793,0.43167643903559,"LLT-1-T-18-T",0.43167643903559,0.641233391226062,4.62451946515355,0.171468072126296,2.05687605376484,0.270101003832164,0.883991668823433,0.0128577471983518,0.625621619630836,-0.216990609217563,-0.0936697334912007,2.9617707215563,2.74478011233874
"205","LLT-1-T-21-L-D2","LLT-1",1,"T",21,"L","D2",793,0.417384834051657,"LLT-1-T-21-L",0.417384834051657,0.565947822106642,3.6185174616146,0.169701335477693,1.9029202338077,0.280549411357551,0.753382606330812,-0.00601673643385658,0.572673635860146,0.0143146279321327,0.00597470860396441,2.31686106839663,2.33117569632876
"206","LLT-1-T-21-M-D2","LLT-1",1,"T",21,"M","D2",793,0.413154516383959,"LLT-1-T-21-M",0.413154516383959,0.633360241002175,4.48456121045304,0.171548266752241,1.99307255593385,0.266649400773913,0.930076912463021,0.0155933215864588,0.614315704322483,-0.125913869742844,-0.0520218839596374,2.94447955688381,2.81856568714096
"207","LLT-1-T-21-T-D2","LLT-1",1,"T",21,"T","D2",793,0.418121502951134,"LLT-1-T-21-T",0.418121502951134,0.644443645114267,4.62173162130616,0.186922934510547,2.10742887913671,0.281229857136947,0.812763726507008,0.0127685010134446,0.632826723976095,-0.140392752832921,-0.0587012288179479,3.09598460761945,2.95559185478653
"208","LLT-1-T-24-L-D2","LLT-1",1,"T",24,"L","D2",793,0.4196290317477,"LLT-1-T-24-L",0.4196290317477,0.573250764631617,3.72255007027917,0.177306879793871,1.87381701360353,0.288208904944236,0.728193611173198,0.0150549727875152,0.574038488700385,-0.0231983921884433,-0.00973471885213988,2.27989788213085,2.25669948994241
"209","LLT-1-T-24-M-D2","LLT-1",1,"T",24,"M","D2",793,0.432419988422955,"LLT-1-T-24-M",0.432419988422955,0.635584480621587,4.51096435747164,0.211506470722053,2.19338382598817,0.313081310855877,0.845576958716173,0.0125026726057088,0.615566330445303,-0.181645458715519,-0.0785471271548473,2.89587634611093,2.71423088739541
"210","LLT-1-T-24-T-D2","LLT-1",1,"T",24,"T","D2",793,0.444233025551935,"LLT-1-T-24-T",0.444233025551935,0.603964020322845,4.00869979669474,0.211548522757448,2.01806981901985,0.323227240540647,0.785060189469049,0.000549983081889799,0.590512007134583,-0.0259269072225665,-0.011517588438685,2.60716959763048,2.58124269040791
"211","LLT-1-T-27-L-D2","LLT-1",1,"T",27,"L","D2",793,0.421800800710243,"LLT-1-T-27-L",0.421800800710243,0.721370281669986,6.24104504741874,0.221695207512963,2.43770597943154,0.286226196298169,0.915376902620177,0.0332203171589593,0.696005242273657,-0.239984020265131,-0.101225451905495,4.24733648975152,4.00735246948639
"212","LLT-1-T-27-M-D2","LLT-1",1,"T",27,"M","D2",793,0.460995351093934,"LLT-1-T-27-M",0.460995351093934,0.619452369078679,4.29796745696866,0.197864305370639,1.97769103168042,0.308114877581123,0.681627609425661,-0.00192499149643663,0.617851045455422,-0.097496234045483,-0.0449453106441338,2.59742946804101,2.49993323399553
"213","LLT-1-T-27-T-D2","LLT-1",1,"T",27,"T","D2",793,0.460542391433653,"LLT-1-T-27-T",0.460542391433653,0.646999741037739,4.65730575695107,0.236513264349096,2.39671537674303,0.356514486776897,1.0728721777442,0.0318712454860879,0.5789418153927,-0.544380491782432,-0.250710293535309,2.33467072809302,1.79029023631059
"214","LLT-1-T-30-L-D2","LLT-1",1,"T",30,"L","D2",793,0.376174395478411,"LLT-1-T-30-L",0.376174395478411,0.58453952845231,3.8155138125999,0.277313312029337,2.33985302997148,0.372780741905793,0.778878948590753,0.00592688038561217,0.565656069280242,-0.0635856461078506,-0.0239192919857249,2.69509628880625,2.6315106426984
"215","LLT-1-T-30-M-D2","LLT-1",1,"T",30,"M","D2",793,0.439773834156211,"LLT-1-T-30-M",0.439773834156211,0.615417778725126,4.2248725360264,0.194290828769935,1.98571000731117,0.296154434161985,0.739632666420785,-0.00479210247179059,0.613165249770831,0.0636916792003239,0.0280099339657738,2.73722296860148,2.80091464780181
"216","LLT-1-T-30-T-D2","LLT-1",1,"T",30,"T","D2",793,0.418610307709997,"LLT-1-T-30-T",0.418610307709997,0.649355435532199,4.75635253064503,0.179845823537278,2.13170770072189,0.276504710630495,0.895491179293645,0.0179359004188065,0.620986704924899,-0.329622366336578,-0.137983320200252,2.92835763150132,2.59873526516474
"217","LLT-2-I-03-L-D2","LLT-2",2,"I",3,"L","D2",793,11.8479212991038,"LLT-2-I-03-L",11.8479212991038,0.646493371025767,4.71451885253422,4.81768538855969,1.98116059484342,7.33282376497167,0.707551431415759,0.0140762699921323,0.649491302171736,-0.000209592129188085,-0.00248323105153203,0.11276644186212,0.112556849732932
"218","LLT-2-I-03-M-D2","LLT-2",2,"I",3,"M","D2",793,13.0640741210277,"LLT-2-I-03-M",13.0640741210277,0.657605048128209,4.83097992318542,4.66011668838326,1.97406542985988,7.44532721643726,0.677332594484415,0.020298913785362,0.658205315971397,-0.00532388319507388,-0.0695516046721389,0.0947049520105781,0.0893810688155042
"219","LLT-2-I-03-T-D2","LLT-2",2,"I",3,"T","D2",793,15.9247169239429,"LLT-2-I-03-T",15.9247169239429,0.708947376155896,5.93320631312868,5.04538255918214,2.02714420448877,7.873131292165,0.659614187430849,0.0237564569326752,0.71105137815796,-0.00679724518810415,-0.108244205483192,0.101320573537924,0.0945233283498199
"220","LLT-2-I-06-L-D2","LLT-2",2,"I",6,"L","D2",793,13.1246276515721,"LLT-2-I-06-L",13.1246276515721,0.755371753077364,7.17334525814605,4.49044125807739,2.44411163452368,6.92315033246729,1.10959401119663,0.0692272063232249,0.695674218337966,-0.0422799714426633,-0.554908882304058,0.130783780635657,0.0885038091929934
"221","LLT-2-I-06-M-D2","LLT-2",2,"I",6,"M","D2",793,12.0210739546961,"LLT-2-I-06-M",12.0210739546961,0.640659399681203,4.5740734404617,4.50727446440414,1.93131151689765,7.16955207505938,0.705623357029447,0.0182882912573685,0.641053634895238,-0.00321822756583787,-0.0386865515719786,0.1039345663612,0.100716338795363
"222","LLT-2-I-06-T-D2","LLT-2",2,"I",6,"T","D2",793,30.7918974922823,"LLT-2-I-06-T",30.7918974922823,0.808574980522783,9.37110410048747,8.91081327197132,3.91357465350839,17.4739335666334,1.07876855303902,0.258662460629253,0.598181999685548,-0.0786472437104154,-2.42169786638165,0.0457477729822312,-0.0328994707281841
"223","LLT-2-I-09-L-D2","LLT-2",2,"I",9,"L","D2",793,-600.317647058822,"LLT-2-I-09-L",-600.317647058822,1.01842853350574,-152.275584719134,11.7544297566796,-2.18053431939618,-11.8233692822554,-1.28876230325393,-0.44955501085907,1.00697505037407,-0.211249778886098,126.816970202599,-0.0515978930261981,-0.262847671912297
"224","LLT-2-I-09-M-D2","LLT-2",2,"I",9,"M","D2",793,12.4447341241351,"LLT-2-I-09-M",12.4447341241351,0.727468328366408,6.46933383071804,4.57399844702011,2.18603821152818,6.63930614644004,0.910420815162128,0.0309383233891617,0.715184323076508,-0.0112911990606434,-0.140515970252392,0.167885456640685,0.156594257580042
"225","LLT-2-I-09-T-D2","LLT-2",2,"I",9,"T","D2",793,16.324210740238,"LLT-2-I-09-T",16.324210740238,0.764028872153238,7.56701255662613,6.81015869105035,2.81335729220143,9.86329311001636,0.810815845390988,0.0648520251262026,0.73015819800388,-0.039027380300379,-0.6370911806628,0.119010486663839,0.0799831063634604
"226","LLT-2-I-12-L-D2","LLT-2",2,"I",12,"L","D2",793,12.8887424057461,"LLT-2-I-12-L",12.8887424057461,0.767870130186748,7.67434921895763,4.83606851469069,2.53264343808703,6.93131302405481,0.974235715353565,0.0643586052682475,0.731385930740644,-0.0350278422327321,-0.451464835566798,0.164758680660441,0.129730838427709
"227","LLT-2-I-12-M-D2","LLT-2",2,"I",12,"M","D2",793,17.089756097561,"LLT-2-I-12-M",17.089756097561,0.692746622680315,5.53032084613124,6.46380809084699,2.43920518018072,10.621924028204,0.761636308472022,0.0729134423868893,0.650278431829438,-0.0298593681579329,-0.510289319046352,0.0644372589466899,0.034577890788757
"228","LLT-2-I-12-T-D2","LLT-2",2,"I",12,"T","D2",793,19.1322231503687,"LLT-2-I-12-T",19.1322231503687,0.761807896197926,7.51916080807384,7.55390362610454,3.26299306295792,12.5346678033889,0.990364177750573,0.142492109266524,0.663600521233599,-0.0632221539440257,-1.20958035730406,0.0704269046403476,0.00720475069632195
"229","LLT-2-I-15-L-D2","LLT-2",2,"I",15,"L","D2",793,47.9166598107775,"LLT-2-I-15-L",47.9166598107775,0.887552287239648,16.9614162597131,6.49850862735201,2.69182593086076,10.9146704787745,0.799281290689664,0.0983758414912172,0.872166274905067,-0.0457300352206156,-2.19123054080111,0.0957793171969918,0.0500492819763762
"230","LLT-2-I-15-M-D2","LLT-2",2,"I",15,"M","D2",793,16.227963800905,"LLT-2-I-15-M",16.227963800905,0.793836325928518,8.77066112828747,4.95586721286676,2.34397738604876,7.01481366431202,0.830751795965916,0.0394442801658884,0.781669369280715,-0.0177628873728418,-0.288255493286029,0.16816691654455,0.150404029171708
"231","LLT-2-I-15-T-D2","LLT-2",2,"I",15,"T","D2",793,16.0390608059969,"LLT-2-I-15-T",16.0390608059969,0.756184651371944,7.26798347932455,4.831053602034,2.29404053741931,7.5512288358094,0.865149100842245,0.0449962685904062,0.733295636117328,-0.0278930420933028,-0.447378198198715,0.125720678944314,0.097827636851011
"232","LLT-2-I-18-L-D2","LLT-2",2,"I",18,"L","D2",793,22.5094343366695,"LLT-2-I-18-L",22.5094343366695,0.742173970428935,6.88889203652173,7.00931355012969,2.8765731533578,12.6723376332278,0.874498266231975,0.13681533541495,0.678024914793059,-0.0530069303415748,-1.19315601791209,0.0579263621759099,0.00491943183433505
"233","LLT-2-I-18-M-D2","LLT-2",2,"I",18,"M","D2",793,14.4189408314646,"LLT-2-I-18-M",14.4189408314646,0.787538831761239,8.53701036332077,4.75385684092058,2.39101794973881,6.61309314723075,0.814353103991099,0.0464239986085769,0.773412442160465,-0.0190035428102564,-0.274010959369291,0.17304082739536,0.154037284585104
"234","LLT-2-I-18-T-D2","LLT-2",2,"I",18,"T","D2",793,12.5827575474634,"LLT-2-I-18-T",12.5827575474634,0.727325387517527,6.42075493675805,4.56109361504063,2.19518116401483,6.67900947397898,0.856875105952834,0.0267326044435802,0.714632253115745,-0.011822687381638,-0.148762008882605,0.150549406789284,0.138726719407646
"235","LLT-2-I-21-L-D2","LLT-2",2,"I",21,"L","D2",793,12.5342552447642,"LLT-2-I-21-L",12.5342552447642,0.710356421053827,5.94069178031467,4.52911828863724,2.12718323764301,6.8026533486416,0.804709387302022,0.0278510451768444,0.700644830948971,-0.0105718788432096,-0.132510627837511,0.138172915756291,0.127601036913081
"236","LLT-2-I-21-M-D2","LLT-2",2,"I",21,"M","D2",793,12.1119703058031,"LLT-2-I-21-M",12.1119703058031,0.675060006001115,5.26691829121833,4.4221560201984,1.97307235005579,6.7350987581743,0.790858568428488,0.0181492957636942,0.668920392348518,-0.000918695731291219,-0.0111272154174673,0.122720774143285,0.121802078411994
"237","LLT-2-I-21-T-D2","LLT-2",2,"I",21,"T","D2",793,11.3545191251373,"LLT-2-I-21-T",11.3545191251373,0.651629220966479,4.78687686558987,5.0469567504776,2.03078124298493,7.36925390843837,0.757682360988332,0.0117273154374856,0.648514601445719,0.00235924350769917,0.0267880755290262,0.123121542196795,0.125480785704494
"238","LLT-2-I-24-L-D2","LLT-2",2,"I",24,"L","D2",793,12.790210542958,"LLT-2-I-24-L",12.790210542958,0.623296179701084,4.36540049443825,5.54901664543817,2.05112967967192,8.63731358547038,0.692543506019716,0.0197812035226654,0.622690189627468,-0.00618553943568609,-0.0791143517041947,0.0925815167761247,0.0863959773404386
"239","LLT-2-I-24-M-D2","LLT-2",2,"I",24,"M","D2",793,13.5787336961216,"LLT-2-I-24-M",13.5787336961216,0.69383445263952,5.57639390230962,5.22111736130046,2.28229193196085,8.21403061346632,0.811933534006666,0.0542875176756386,0.666836829239591,-0.0253842854814057,-0.344686452618334,0.102124597779942,0.0767403122985367
"240","LLT-2-I-24-T-D2","LLT-2",2,"I",24,"T","D2",793,15.047429141148,"LLT-2-I-24-T",15.047429141148,0.626049841366762,4.39569249568255,5.00365275840641,1.87237515107948,8.41015595016189,0.624200926152051,0.0212962715618847,0.631479805927772,-0.0041884601616258,-0.0630255574925855,0.0723157413680027,0.0681272812063769
"241","LLT-2-I-27-L-D2","LLT-2",2,"I",27,"L","D2",793,21.5265046415918,"LLT-2-I-27-L",21.5265046415918,0.735192404024728,6.65051417285186,8.1155635022127,3.16466268127299,14.4325260716795,0.782509430401921,0.158385406135427,0.668569613737558,-0.0569408595502031,-1.22573767740367,0.057369650550064,0.000428790999860929
"242","LLT-2-I-27-M-D2","LLT-2",2,"I",27,"M","D2",793,13.2729103637256,"LLT-2-I-27-M",13.2729103637256,0.711993509921103,6.01773322076405,3.99578454225829,2.04022562840398,6.41398863494143,0.886451131096859,0.036801377769022,0.699613011592665,-0.0154887367386958,-0.205580614380053,0.129465615677363,0.113976878938667
"243","LLT-2-I-27-T-D2","LLT-2",2,"I",27,"T","D2",793,12.6694753879084,"LLT-2-I-27-T",12.6694753879084,0.702454330114476,5.77894976420401,5.08543303429094,2.19836645610226,7.49414392401647,0.805442596845354,0.0315845106064017,0.68764072138778,-0.0125623878256266,-0.159158863370136,0.12857595588148,0.116013568055853
"244","LLT-2-I-30-L-D2","LLT-2",2,"I",30,"L","D2",793,15.6988312566406,"LLT-2-I-30-L",15.6988312566406,0.773752443838754,7.96168258869864,4.89107934868264,2.28227499821408,7.20452157309896,0.90428566396066,0.0565528757627201,0.750225778370495,-0.0225990931229077,-0.354779349489635,0.141338715531543,0.118739622408636
"245","LLT-2-I-30-M-D2","LLT-2",2,"I",30,"M","D2",793,19.245554917491,"LLT-2-I-30-M",19.245554917491,0.721009908047065,6.20745258345248,6.05057304494752,2.20149181091813,9.73589806862568,0.740975559353703,0.0501285080565487,0.708208508555242,-0.0184252319435221,-0.354603813236564,0.0814256302271599,0.0630003982836378
"246","LLT-2-I-30-T-D2","LLT-2",2,"I",30,"T","D2",793,13.2217153947203,"LLT-2-I-30-T",13.2217153947203,0.725214529151655,6.33483764869926,5.21859936036296,2.23933491846232,7.44545145419715,0.869780694344379,0.0235933650221437,0.711121899862218,-0.0101907658043164,-0.134739405118919,0.152239006002042,0.142048240197725
"247","LLT-2-O-1-L-D2","LLT-2",2,"O",1,"L","D2",793,13.7092272820286,"LLT-2-O-1-L",13.7092272820286,0.532738883081084,3.33050629079824,2.15532902984371,1.33046625456855,4.64303499816115,0.852206889725309,0.0134684437569848,0.544865711625104,0.00384944982519866,0.0527729825644138,0.0495025560404886,0.0533520058656873
"248","LLT-2-O-1-M-D2","LLT-2",2,"O",1,"M","D2",793,13.7499917100797,"LLT-2-O-1-M",13.7499917100797,0.525318855957557,3.23049127782669,2.50967655733491,1.36432106229725,5.23743554055999,0.835900726047923,0.00916782418314305,0.542602726896021,0.00567036615366104,0.0779674876059558,0.0492032081929636,0.0548735743466246
"249","LLT-2-O-1-T-D2","LLT-2",2,"O",1,"T","D2",793,14.2102981319916,"LLT-2-O-1-T",14.2102981319916,0.555613448885684,3.55946753438889,3.73264560946048,1.51784044296634,6.93634329104752,0.892388733550099,0.0166889361387559,0.555077959241495,0.005530716415311,0.0785931291450692,0.0565160901901398,0.0620468066054508
"250","LLT-2-O-2-L-D2","LLT-2",2,"O",2,"L","D2",793,13.1397135143872,"LLT-2-O-2-L",13.1397135143872,0.464352995833979,2.78347449086334,2.52685455136604,1.36933974048868,5.44826260480344,0.897234435938449,0.0107276956271598,0.470926393168892,0.00132437274760569,0.0174018784898006,0.0398166170428519,0.0411409897904576
"251","LLT-2-O-2-M-D2","LLT-2",2,"O",2,"M","D2",793,13.6129001944145,"LLT-2-O-2-M",13.6129001944145,0.450551631750633,2.68878431605189,2.8204092749001,1.36499744442109,5.96802314696104,0.880932938166613,0.00797117333609094,0.457125550070524,0.00449079205238134,0.0611327040029371,0.0354689394825848,0.0399597315349661
"252","LLT-2-O-2-T-D2","LLT-2",2,"O",2,"T","D2",793,-29.2534840971272,"LLT-2-O-2-T",-29.2534840971272,1.66211629808895,-4.13567517741417,20.1342690020814,4.69347011223401,43.8187864898355,0.725597948977233,0.319152068873455,1.75601514982678,-0.0468646300328372,1.37095370938335,0.0609796252268986,0.0141149951940614
"253","LLT-2-O-3-L-D2","LLT-2",2,"O",3,"L","D2",793,12.6502191464821,"LLT-2-O-3-L",12.6502191464821,0.534191061679768,3.33832770033178,2.29818305904719,1.40475448051667,4.81585556834919,0.859199542242407,0.0133720888176376,0.541106604682536,0.00182532813066363,0.0230908008671335,0.0561210738899626,0.0579464020206263
"254","LLT-2-O-3-M-D2","LLT-2",2,"O",3,"M","D2",793,-14.492991977779,"LLT-2-O-3-M",-14.492991977779,1.73494243363806,-3.77816187187066,5.78346233613607,2.67305502121853,12.0070711636905,0.906389872846897,0.15710998801031,1.84914039060608,-0.0605136067798718,0.877023217607156,0.0902274722756786,0.0297138654958067
"255","LLT-2-O-3-T-D2","LLT-2",2,"O",3,"T","D2",793,-1508.82352941176,"LLT-2-O-3-T",-1508.82352941176,1.00571686512887,-554.402734383447,3.53295923077267,2.03134046573446,6.68781877661093,0.911043546247918,0.0713583691667383,1.00600256955401,-0.0394182836129138,59.4752338041904,0.115749925876638,0.0763316422637237
"256","LLT-2-O-4-L-D2","LLT-2",2,"O",4,"L","D2",793,12.3117191724295,"LLT-2-O-4-L",12.3117191724295,0.500402585890854,3.03446109717032,4.13680067592639,1.57699981210023,7.51606600584055,0.790506271485446,0.0049624247795184,0.517656942761849,0.00484485840446985,0.0596485361060177,0.0624713756625708,0.0673162340670407
"257","LLT-2-O-4-M-D2","LLT-2",2,"O",4,"M","D2",793,13.4663865546218,"LLT-2-O-4-M",13.4663865546218,0.533727616712685,3.33842410452916,3.20879382941143,1.50722707092993,6.32137722165179,0.868032726663568,0.015106695157549,0.534688070287951,8.01887511256982e-05,0.00107985271999102,0.0552529769258454,0.0553331656769711
"258","LLT-2-O-4-T-D2","LLT-2",2,"O",4,"T","D2",793,13.4688504701243,"LLT-2-O-4-T",13.4688504701243,0.335652067153363,2.03840219453863,2.74605966978914,1.04661393759141,5.53745896175826,0.875121584267006,-0.0224911135104436,0.348027622727173,0.0347993270221143,0.468706932121813,-0.00428326754086628,0.030516059481248
"259","LLT-2-T-03-L-D2","LLT-2",2,"T",3,"L","D2",793,21.6906833739413,"LLT-2-T-03-L",21.6906833739413,0.609216376834991,4.21378987479827,10.1663659348517,2.32069591227234,16.6643841361045,0.716830843002444,0.0424499702834511,0.577497399729295,-0.0148638485427663,-0.322407032459364,0.0398274882721027,0.0249636397293364
"260","LLT-2-T-03-M-D2","LLT-2",2,"T",3,"M","D2",793,17.7557448318694,"LLT-2-T-03-M",17.7557448318694,0.661281475261827,4.96928053149995,10.2322128392405,2.43323887309825,14.0657425419498,0.800052268279889,0.0127124785157766,0.64031360154305,-0.00772030038746088,-0.137079683705138,0.0784213168591671,0.0707010164717063
"261","LLT-2-T-03-T-D2","LLT-2",2,"T",3,"T","D2",793,21.2970922459893,"LLT-2-T-03-T",21.2970922459893,0.760233702781684,7.2298155918232,8.23977738221221,2.45555681320262,11.6488493912074,0.817142499174877,0.0184902606672721,0.745677813018768,-0.0144111757500515,-0.306916139322011,0.107262991360491,0.0928518156104397
"262","LLT-2-T-06-L-D2","LLT-2",2,"T",6,"L","D2",793,34.0458526107072,"LLT-2-T-06-L",34.0458526107072,0.843030154933825,11.7604059791943,5.45839618656138,2.26026738264963,9.16248720378439,0.994601655008664,0.0752657329552553,0.819474278964418,-0.0297006175252499,-1.01118284671164,0.0857541023392331,0.0560534848139832
"263","LLT-2-T-06-M-D2","LLT-2",2,"T",6,"M","D2",793,24.9942503317117,"LLT-2-T-06-M",24.9942503317117,0.767403820911819,7.53343022902346,6.55809132335499,2.42037345058714,11.1811407938278,1.03122693141023,0.0790245398131358,0.719333366158631,-0.0332797775417155,-0.831803090861314,0.0687431004023273,0.0354633228606119
"264","LLT-2-T-06-T-D2","LLT-2",2,"T",6,"T","D2",793,-29.0020469726352,"LLT-2-T-06-T",-29.0020469726352,1.52096569650055,-4.94850619957959,-10.6462514546031,-10.3833190783052,-65.3577745814742,1.38606258933217,-2.9826865208781,-0.496189315618614,-0.0922077090140724,2.67421230806521,0.0212036539519842,-0.0710040550620882
"265","LLT-2-T-09-L-D2","LLT-2",2,"T",9,"L","D2",793,15.6187502076711,"LLT-2-T-09-L",15.6187502076711,0.689434428970885,5.44800705366961,5.24065112833302,1.95564236982973,8.20659865655651,0.869427308748808,0.0277084286981992,0.681331478323981,-0.00455494777561372,-0.0711425915162977,0.10245109983525,0.0978961520596367
"266","LLT-2-T-09-M-D2","LLT-2",2,"T",9,"M","D2",793,15.5540956671237,"LLT-2-T-09-M",15.5540956671237,0.644456324604374,4.6504240816604,5.62023025870786,1.93161028593034,8.96954920466636,0.73550749371821,0.0205584893152784,0.64531900114133,-0.00156485957568323,-0.0243399755457915,0.0753768442048058,0.0738119846291225
"267","LLT-2-T-09-T-D2","LLT-2",2,"T",9,"T","D2",793,16.7859238643332,"LLT-2-T-09-T",16.7859238643332,0.683494293908951,5.43259333196838,5.22372889975114,1.91419155628346,8.33745227930628,0.803192153668428,0.0184087121491336,0.680582373279145,-0.00235887150254427,-0.0395958374474533,0.0887741800111977,0.0864153085086534
"268","LLT-2-T-12-L-D2","LLT-2",2,"T",12,"L","D2",793,18.8013538748833,"LLT-2-T-12-L",18.8013538748833,0.724162297585923,6.33198856380169,6.98435350738026,2.25555465720705,10.3775254728956,0.886300081129253,0.037504131197035,0.704799072030751,-0.0128090994289827,-0.24082841118287,0.0926752384343114,0.0798661390053287
"269","LLT-2-T-12-M-D2","LLT-2",2,"T",12,"M","D2",793,16.864987891978,"LLT-2-T-12-M",16.864987891978,0.670043162967588,5.09244571422529,6.62378357594482,2.05774330301517,10.0659268025067,0.757120208529713,0.0180851750146836,0.667416513474276,-0.00366479136064618,-0.0618066619239234,0.0834450631337472,0.079780271773101
"270","LLT-2-T-12-T-D2","LLT-2",2,"T",12,"T","D2",793,15.3776138362321,"LLT-2-T-12-T",15.3776138362321,0.624065200191153,4.28769177433251,6.09380688575898,1.94763337717173,9.75542347608071,0.737547316078516,0.0133946580048672,0.626205524819269,-0.00333103554392472,-0.0512233782692377,0.0728156143928672,0.0694845788489425
"271","LLT-2-T-15-L-D2","LLT-2",2,"T",15,"L","D2",793,18.0091617330652,"LLT-2-T-15-L",18.0091617330652,0.591081281119033,3.96552074742465,6.55768341704877,1.9536003810043,11.4209667775647,0.619761205815541,0.0324150894688407,0.603681189226835,-0.0107325799782199,-0.19328476864082,0.0490450445378412,0.0383124645596212
"272","LLT-2-T-15-M-D2","LLT-2",2,"T",15,"M","D2",793,21.4477435418612,"LLT-2-T-15-M",21.4477435418612,0.710028293259583,5.89614202254114,6.24038293729956,2.01449609933188,10.1531377814003,0.595918926584639,0.0307044668090448,0.720364566889135,-0.00854580016561154,-0.183288130312031,0.0687761803353228,0.0602303801697112
"273","LLT-2-T-15-T-D2","LLT-2",2,"T",15,"T","D2",793,25.2656361814799,"LLT-2-T-15-T",25.2656361814799,0.659536985350109,4.9440148141045,8.51946227778314,2.29972831262579,15.2670602070717,0.635996600493207,0.0736928960430063,0.64020763528116,-0.0226422997698559,-0.572072108297186,0.0390206785814507,0.0163783788115948
"274","LLT-2-T-18-L-D2","LLT-2",2,"T",18,"L","D2",793,31.4900546757165,"LLT-2-T-18-L",31.4900546757165,0.837670099551381,11.2914636940479,6.51440331437642,2.3765061950131,10.0810629527165,0.875035116825095,0.0537100338843984,0.825189535110483,-0.0247551711216216,-0.779541692126581,0.101295015848998,0.0765398447273769
"275","LLT-2-T-18-M-D2","LLT-2",2,"T",18,"M","D2",793,41.6880755922278,"LLT-2-T-18-M",41.6880755922278,0.839179584610149,11.369266416541,6.47411884305125,2.28727764422443,11.2878291878509,0.887628723317238,0.0727841974019216,0.821546741096656,-0.0284024246404087,-1.18404242541191,0.0693758828604835,0.0409734582200748
"276","LLT-2-T-18-T-D2","LLT-2",2,"T",18,"T","D2",793,19.57466617567,"LLT-2-T-18-T",19.57466617567,0.725057741118841,6.34442496293684,5.69716801727187,2.03925342175665,9.04490994548535,0.762247804971602,0.0246591397491345,0.720353031184608,-0.00949440333545351,-0.18584977582867,0.0915807802236289,0.0820863768881754
"277","LLT-2-T-21-L-D2","LLT-2",2,"T",21,"L","D2",793,19.6396301944338,"LLT-2-T-21-L",19.6396301944338,0.645607336963729,4.65812146310639,6.89117231374069,1.98782627535112,11.39318670795,0.701687700143268,0.0228711736278906,0.643877531921987,-0.00769426521177508,-0.151112523377159,0.0571666274300878,0.0494723622183127
"278","LLT-2-T-21-M-D2","LLT-2",2,"T",21,"M","D2",793,18.8309580282134,"LLT-2-T-21-M",18.8309580282134,0.758500370141734,7.40545215051882,7.33867990207846,2.39162899125293,10.0850089141845,0.832598055851864,0.0364129543743691,0.743641397800152,-0.0115061397133664,-0.216671634009162,0.113372830567601,0.101866690854235
"279","LLT-2-T-21-T-D2","LLT-2",2,"T",21,"T","D2",793,24.5505188652642,"LLT-2-T-21-T",24.5505188652642,0.684553921224793,5.46712399890431,8.22895022726946,2.16613352872282,13.4413711819082,0.66907024443612,0.0304658291138616,0.674272000670829,-0.0119862520985609,-0.294268708269531,0.0550093654768704,0.0430231133783095
"280","LLT-2-T-24-L-D2","LLT-2",2,"T",24,"L","D2",793,21.0479934443657,"LLT-2-T-24-L",21.0479934443657,0.738661426885597,6.63643874635274,8.01022646333699,2.37042690665265,11.8337045487619,0.85952420126751,0.0359887321763635,0.717942567437055,-0.0161541532633668,-0.340012511986624,0.0855969917234996,0.0694428384601327
"281","LLT-2-T-24-M-D2","LLT-2",2,"T",24,"M","D2",793,100.157395385998,"LLT-2-T-24-M",100.157395385998,0.89180654872658,19.141350925212,69.1436229610022,17.8724495170109,184.262699701999,1.18813462959244,1.12291116301077,0.097282562837123,-0.078927536877584,-7.90517651789112,0.0171792306786586,-0.0617483061989254
"282","LLT-2-T-24-T-D2","LLT-2",2,"T",24,"T","D2",793,17.6500495079516,"LLT-2-T-24-T",17.6500495079516,0.61290684247201,4.25441473613069,7.70342255314557,2.00476348521197,11.9512951978002,0.603599547295753,0.00209070402002784,0.625101492156006,-0.00214570758282698,-0.0378718450664833,0.0689486056255545,0.0668028980427275
"283","LLT-2-T-27-L-D2","LLT-2",2,"T",27,"L","D2",793,16.8067204553272,"LLT-2-T-27-L",16.8067204553272,0.659275947674013,4.85721630846859,7.05220039699253,2.10847421819045,10.8288768406418,0.812892384543496,0.0270557798664243,0.646810035307711,-0.00784411032235571,-0.131833769408579,0.0749307593314229,0.0670866490090672
"284","LLT-2-T-27-M-D2","LLT-2",2,"T",27,"M","D2",793,16.8707189542484,"LLT-2-T-27-M",16.8707189542484,0.615362843414276,4.21445439081402,7.40498654687496,2.04959458596343,11.6982711110739,0.657658728235713,0.0178719763484844,0.618656325086556,-0.00627580075977476,-0.105877270831018,0.0609683208666856,0.0546925201069108
"285","LLT-2-T-27-T-D2","LLT-2",2,"T",27,"T","D2",793,18.2357195530092,"LLT-2-T-27-T",18.2357195530092,0.689481870989326,5.55087361934095,5.76581553755755,2.07483594667252,9.48752738933061,0.85769657185332,0.03341704902411,0.673992915893746,-0.014827773247424,-0.270395114535637,0.0801239657369123,0.0652961924894883
"286","LLT-2-T-30-L-D2","LLT-2",2,"T",30,"L","D2",793,48.3361251063273,"LLT-2-T-30-L",48.3361251063273,0.902279549098557,18.4418853864026,7.41630107557588,3.02670309299596,12.011776351001,0.803025912876256,0.11264382698532,0.887267833865196,-0.0528572080199915,-2.55491261962548,0.0989617406653596,0.046104532645368
"287","LLT-2-T-30-M-D2","LLT-2",2,"T",30,"M","D2",793,16.8053435914637,"LLT-2-T-30-M",16.8053435914637,0.753716451060898,7.0156843342448,5.37725274360668,2.18118981685562,8.04922991140544,0.830102958921664,0.0349608700765388,0.743300026340878,-0.013279892290836,-0.22317315280513,0.123202789211673,0.109922896920837
"288","LLT-2-T-30-T-D2","LLT-2",2,"T",30,"T","D2",793,18.0482732014962,"LLT-2-T-30-T",18.0482732014962,0.804183224012289,8.94400100099621,5.36761680859469,2.39706400834138,7.82049940244977,0.880554921361737,0.0476899665214095,0.78287615776571,-0.0262337245451667,-0.473473427683966,0.143455910495686,0.117222185950519
