"","ID","Location","Tapping","Tree_num","C_pos.","Coordinates","Tree_ID","lat","lon"
"1","AW-1-T-03-T-D1","AW-1","T",3,"T","12° 41.7805' N  36° 18.8301' E","AW-1-T-03-T",12.6963416666667,36.313835
"257","AW-1-T-03-M-D1","AW-1","T",3,"M","12° 41.7805' N  36° 18.8301' E","AW-1-T-03-M",12.6963416666667,36.313835
"513","AW-1-T-03-L-D1","AW-1","T",3,"L","12° 41.7805' N  36° 18.8301' E","AW-1-T-03-L",12.6963416666667,36.313835
"769","AW-1-T-06-T-D1","AW-1","T",6,"T","12° 41.7816' N  36° 18.8268' E","AW-1-T-06-T",12.69636,36.31378
"1025","AW-1-T-06-M-D1","AW-1","T",6,"M","12° 41.7816' N  36° 18.8268' E","AW-1-T-06-M",12.69636,36.31378
"1281","AW-1-T-06-L-D1","AW-1","T",6,"L","12° 41.7816' N  36° 18.8268' E","AW-1-T-06-L",12.69636,36.31378
"1537","AW-1-T-09-T-D1","AW-1","T",9,"T","12° 41.7816' N  36° 18.8268' E","AW-1-T-09-T",12.69636,36.31378
"1793","AW-1-T-09-M-D1","AW-1","T",9,"M","12° 41.7845' N  36° 18.8260' E","AW-1-T-09-M",12.6964083333333,36.3137666666667
"2049","AW-1-T-09-L-D1","AW-1","T",9,"L","12° 41.7845' N  36° 18.8260' E","AW-1-T-09-L",12.6964083333333,36.3137666666667
"2305","AW-1-T-12-T-D1","AW-1","T",12,"T","12° 41.7902' N  36° 18.8346' E","AW-1-T-12-T",12.6965033333333,36.31391
"2561","AW-1-T-12-M-D1","AW-1","T",12,"M","12° 41.7902' N  36° 18.8346' E","AW-1-T-12-M",12.6965033333333,36.31391
"2817","AW-1-T-12-L-D1","AW-1","T",12,"L","12° 41.7902' N  36° 18.8346' E","AW-1-T-12-L",12.6965033333333,36.31391
"3073","AW-1-T-15-T-D1","AW-1","T",15,"T","12° 41.7931' N  36° 18.8411' E","AW-1-T-15-T",12.6965516666667,36.3140183333333
"3329","AW-1-T-15-M-D1","AW-1","T",15,"M","12° 41.7931' N  36° 18.8411' E","AW-1-T-15-M",12.6965516666667,36.3140183333333
"3585","AW-1-T-15-L-D1","AW-1","T",15,"L","12° 41.7931' N  36° 18.8411' E","AW-1-T-15-L",12.6965516666667,36.3140183333333
"3841","AW-1-T-18-T-D1","AW-1","T",18,"T","12° 41.7899' N  36° 18.8418' E","AW-1-T-18-T",12.6964983333333,36.31403
"4097","AW-1-T-18-M-D1","AW-1","T",18,"M","12° 41.7899' N  36° 18.8418' E","AW-1-T-18-M",12.6964983333333,36.31403
"4353","AW-1-T-18-L-D1","AW-1","T",18,"L","12° 41.7899' N  36° 18.8418' E","AW-1-T-18-L",12.6964983333333,36.31403
"4609","AW-1-T-21-T-D1","AW-1","T",21,"T","12° 41.7851' N  36° 18.8457' E","AW-1-T-21-T",12.6964183333333,36.314095
"4865","AW-1-T-21-M-D1","AW-1","T",21,"M","12° 41.7851' N  36° 18.8457' E","AW-1-T-21-M",12.6964183333333,36.314095
"5121","AW-1-T-21-L-D1","AW-1","T",21,"L","12° 41.7843' N  36° 18.8483' E","AW-1-T-21-L",12.696405,36.3141383333333
"5377","AW-1-T-24-T-D1","AW-1","T",24,"T","12° 41.7866' N  36° 18.8572' E","AW-1-T-24-T",12.6964433333333,36.3142866666667
"5633","AW-1-T-24-M-D1","AW-1","T",24,"M","12° 41.7866' N  36° 18.8572' E","AW-1-T-24-M",12.6964433333333,36.3142866666667
"5889","AW-1-T-24-L-D1","AW-1","T",24,"L","12° 41.7866' N  36° 18.8572' E","AW-1-T-24-L",12.6964433333333,36.3142866666667
"6145","AW-1-T-27-T-D1","AW-1","T",27,"T","12° 41.7850' N  36° 18.8509' E","AW-1-T-27-T",12.6964166666667,36.3141816666667
"6401","AW-1-T-27-M-D1","AW-1","T",27,"M","12° 41.7850' N  36° 18.8509' E","AW-1-T-27-M",12.6964166666667,36.3141816666667
"6657","AW-1-T-27-L-D1","AW-1","T",27,"L","12° 41.7850' N  36° 18.8509' E","AW-1-T-27-L",12.6964166666667,36.3141816666667
"6913","AW-1-T-30-T-D1","AW-1","T",30,"T","12° 41.7916' N  36° 18.8488' E","AW-1-T-30-T",12.6965266666667,36.3141466666667
"7169","AW-1-T-30-M-D1","AW-1","T",30,"M","12° 41.7916' N  36° 18.8488' E","AW-1-T-30-M",12.6965266666667,36.3141466666667
"7425","AW-1-T-30-L-D1","AW-1","T",30,"L","12° 41.7916' N  36° 18.8488' E","AW-1-T-30-L",12.6965266666667,36.3141466666667
"7681","AW-1-I-03-T-D1","AW-1","I",3,"T","12° 41.7635' N  36° 18.8299' E","AW-1-I-03-T",12.6960583333333,36.3138316666667
"7937","AW-1-I-03-M-D1","AW-1","I",3,"M","12° 41.7635' N  36° 18.8299' E","AW-1-I-03-M",12.6960583333333,36.3138316666667
"8193","AW-1-I-03-L-D1","AW-1","I",3,"L","12° 41.7635' N  36° 18.8299' E","AW-1-I-03-L",12.6960583333333,36.3138316666667
"8449","AW-1-I-06-T-D1","AW-1","I",6,"T","12° 41.7655' N  36° 18.8324' E","AW-1-I-06-T",12.6960916666667,36.3138733333333
"8705","AW-1-I-06-M-D1","AW-1","I",6,"M","12° 41.7655' N  36° 18.8324' E","AW-1-I-06-M",12.6960916666667,36.3138733333333
"8961","AW-1-I-06-L-D1","AW-1","I",6,"L","12° 41.7655' N  36° 18.8324' E","AW-1-I-06-L",12.6960916666667,36.3138733333333
"9217","AW-1-I-09-T-D1","AW-1","I",9,"T","12° 41.7655' N  36° 18.8324' E","AW-1-I-09-T",12.6960916666667,36.3138733333333
"9473","AW-1-I-09-M-D1","AW-1","I",9,"M","12° 41.7655' N  36° 18.8324' E","AW-1-I-09-M",12.6960916666667,36.3138733333333
"9729","AW-1-I-09-L-D1","AW-1","I",9,"L","12° 41.7655' N  36° 18.8324' E","AW-1-I-09-L",12.6960916666667,36.3138733333333
"9985","AW-1-I-12-T-D1","AW-1","I",12,"T","12° 41.7683' N  36° 18.8337' E","AW-1-I-12-T",12.6961383333333,36.313895
"10241","AW-1-I-12-M-D1","AW-1","I",12,"M","12° 41.7683' N  36° 18.8337' E","AW-1-I-12-M",12.6961383333333,36.313895
"10497","AW-1-I-12-L-D1","AW-1","I",12,"L","12° 41.7683' N  36° 18.8337' E","AW-1-I-12-L",12.6961383333333,36.313895
"10753","AW-1-I-15-T-D1","AW-1","I",15,"T","12° 41.7743' N  36° 18.8417' E","AW-1-I-15-T",12.6962383333333,36.3140283333333
"11009","AW-1-I-15-M-D1","AW-1","I",15,"M","12° 41.7743' N  36° 18.8417' E","AW-1-I-15-M",12.6962383333333,36.3140283333333
"11265","AW-1-I-15-L-D1","AW-1","I",15,"L","12° 41.7743' N  36° 18.8417' E","AW-1-I-15-L",12.6962383333333,36.3140283333333
"11521","AW-1-I-18-T-D1","AW-1","I",18,"T","12° 41.7743' N  36° 18.8417' E","AW-1-I-18-T",12.6962383333333,36.3140283333333
"11777","AW-1-I-18-M-D1","AW-1","I",18,"M","12° 41.7743' N  36° 18.8417' E","AW-1-I-18-M",12.6962383333333,36.3140283333333
"12033","AW-1-I-18-L-D1","AW-1","I",18,"L","12° 41.7743' N  36° 18.8417' E","AW-1-I-18-L",12.6962383333333,36.3140283333333
"12289","AW-1-I-21-T-D1","AW-1","I",21,"T","12° 41.7765' N  36° 18.8362' E","AW-1-I-21-T",12.696275,36.3139366666667
"12545","AW-1-I-21-M-D1","AW-1","I",21,"M","12° 41.7765' N  36° 18.8362' E","AW-1-I-21-M",12.696275,36.3139366666667
"12801","AW-1-I-21-L-D1","AW-1","I",21,"L","12° 41.7765' N  36° 18.8362' E","AW-1-I-21-L",12.696275,36.3139366666667
"13057","AW-1-I-24-T-D1","AW-1","I",24,"T","12° 41.7771' N  36° 18.8332' E","AW-1-I-24-T",12.696285,36.3138866666667
"13313","AW-1-I-24-M-D1","AW-1","I",24,"M","12° 41.7771' N  36° 18.8332' E","AW-1-I-24-M",12.696285,36.3138866666667
"13569","AW-1-I-24-L-D1","AW-1","I",24,"L","12° 41.7771' N  36° 18.8332' E","AW-1-I-24-L",12.696285,36.3138866666667
"13825","AW-1-I-27-T-D1","AW-1","I",27,"T","12° 41.7771' N  36° 18.8332' E","AW-1-I-27-T",12.696285,36.3138866666667
"14081","AW-1-I-27-M-D1","AW-1","I",27,"M","12° 41.7771' N  36° 18.8332' E","AW-1-I-27-M",12.696285,36.3138866666667
"14337","AW-1-I-27-L-D1","AW-1","I",27,"L","12° 41.7798' N  36° 18.8337' E","AW-1-I-27-L",12.69633,36.313895
"14593","AW-1-I-30-T-D1","AW-1","I",30,"T","12° 41.7798' N  36° 18.8337' E","AW-1-I-30-T",12.69633,36.313895
"14849","AW-1-I-30-M-D1","AW-1","I",30,"M","12° 41.7798' N  36° 18.8337' E","AW-1-I-30-M",12.69633,36.313895
"15105","AW-1-I-30-L-D1","AW-1","I",30,"L","12° 41.7798' N  36° 18.8337' E","AW-1-I-30-L",12.69633,36.313895
"15361","AW-1-O-1-T-D1","AW-1","O",1,"T","12° 41.7893' N  36° 18.8191' E","AW-1-O-1-T",12.6964883333333,36.3136516666667
"15617","AW-1-O-1-M-D1","AW-1","O",1,"M","12° 41.7893' N  36° 18.8191' E","AW-1-O-1-M",12.6964883333333,36.3136516666667
"15873","AW-1-O-1-L-D1","AW-1","O",1,"L","12° 41.7893' N  36° 18.8191' E","AW-1-O-1-L",12.6964883333333,36.3136516666667
"16129","AW-1-O-2-T-D1","AW-1","O",2,"T","12° 41.7893' N  36° 18.8191' E","AW-1-O-2-T",12.6964883333333,36.3136516666667
"16385","AW-1-O-2-M-D1","AW-1","O",2,"M","12° 41.7893' N  36° 18.8191' E","AW-1-O-2-M",12.6964883333333,36.3136516666667
"16641","AW-1-O-2-L-D1","AW-1","O",2,"L","12° 41.7893' N  36° 18.8191' E","AW-1-O-2-L",12.6964883333333,36.3136516666667
"16897","AW-1-O-3-T-D1","AW-1","O",3,"T","12° 41.7813' N  36° 18.8127' E","AW-1-O-3-T",12.696355,36.313545
"17153","AW-1-O-3-M-D1","AW-1","O",3,"M","12° 41.7813' N  36° 18.8127' E","AW-1-O-3-M",12.696355,36.313545
"17409","AW-1-O-3-L-D1","AW-1","O",3,"L","12° 41.7813' N  36° 18.8127' E","AW-1-O-3-L",12.696355,36.313545
"17665","AW-1-O-4-T-D1","AW-1","O",4,"T","12° 41.7813' N  36° 18.8127' E","AW-1-O-4-T",12.696355,36.313545
"17921","AW-1-O-4-M-D1","AW-1","O",4,"M","12° 41.7813' N  36° 18.8127' E","AW-1-O-4-M",12.696355,36.313545
"18177","AW-1-O-4-L-D1","AW-1","O",4,"L","12° 41.7813' N  36° 18.8127' E","AW-1-O-4-L",12.696355,36.313545
"18433","LLT-1-T-03-T-D1","LLT-1","T",3,"T","12° 40.5069' N  36° 16.8477' E","LLT-1-T-03-T",12.675115,36.280795
"18689","LLT-1-T-03-M-D1","LLT-1","T",3,"M","12° 40.5069' N  36° 16.8477' E","LLT-1-T-03-M",12.675115,36.280795
"18945","LLT-1-T-03-L-D1","LLT-1","T",3,"L","12° 40.5069' N  36° 16.8477' E","LLT-1-T-03-L",12.675115,36.280795
"19201","LLT-1-T-06-T-D1","LLT-1","T",6,"T","12° 40.5039' N  36° 16.8507' E","LLT-1-T-06-T",12.675065,36.280845
"19457","LLT-1-T-06-M-D1","LLT-1","T",6,"M","12° 40.5043' N  36° 16.8505' E","LLT-1-T-06-M",12.6750716666667,36.2808416666667
"19713","LLT-1-T-06-L-D1","LLT-1","T",6,"L","12° 40.5043' N  36° 16.8505' E","LLT-1-T-06-L",12.6750716666667,36.2808416666667
"19969","LLT-1-T-09-T-D1","LLT-1","T",9,"T","12° 40.5049' N  36° 16.8535' E","LLT-1-T-09-T",12.6750816666667,36.2808916666667
"20225","LLT-1-T-09-M-D1","LLT-1","T",9,"M","12° 40.5057' N  36° 16.8564' E","LLT-1-T-09-M",12.675095,36.28094
"20481","LLT-1-T-09-L-D1","LLT-1","T",9,"L","12° 40.5057' N  36° 16.8564' E","LLT-1-T-09-L",12.675095,36.28094
"20737","LLT-1-T-12-T-D1","LLT-1","T",12,"T","12° 40.5088' N  36° 16.8494' E","LLT-1-T-12-T",12.6751466666667,36.2808233333333
"20993","LLT-1-T-12-M-D1","LLT-1","T",12,"M","12° 40.5088' N  36° 16.8494' E","LLT-1-T-12-M",12.6751466666667,36.2808233333333
"21249","LLT-1-T-12-L-D1","LLT-1","T",12,"L","12° 40.5088' N  36° 16.8494' E","LLT-1-T-12-L",12.6751466666667,36.2808233333333
"21505","LLT-1-T-15-T-D1","LLT-1","T",15,"T","12° 40.5111' N  36° 16.8433' E","LLT-1-T-15-T",12.675185,36.2807216666667
"21761","LLT-1-T-15-M-D1","LLT-1","T",15,"M","12° 40.5111' N  36° 16.8433' E","LLT-1-T-15-M",12.675185,36.2807216666667
"22017","LLT-1-T-15-L-D1","LLT-1","T",15,"L","12° 40.5111' N  36° 16.8433' E","LLT-1-T-15-L",12.675185,36.2807216666667
"22273","LLT-1-T-18-T-D1","LLT-1","T",18,"T","12° 40.5135' N  36° 16.8409' E","LLT-1-T-18-T",12.675225,36.2806816666667
"22529","LLT-1-T-18-M-D1","LLT-1","T",18,"M","12° 40.5135' N  36° 16.8409' E","LLT-1-T-18-M",12.675225,36.2806816666667
"22785","LLT-1-T-18-L-D1","LLT-1","T",18,"L","12° 40.5135' N  36° 16.8409' E","LLT-1-T-18-L",12.675225,36.2806816666667
"23041","LLT-1-T-21-T-D1","LLT-1","T",21,"T","12° 40.5187' N  36° 16.8342' E","LLT-1-T-21-T",12.6753116666667,36.28057
"23297","LLT-1-T-21-M-D1","LLT-1","T",21,"M","12° 40.5217' N  36° 16.8360' E","LLT-1-T-21-M",12.6753616666667,36.2806
"23553","LLT-1-T-21-L-D1","LLT-1","T",21,"L","12° 40.5217' N  36° 16.8360' E","LLT-1-T-21-L",12.6753616666667,36.2806
"23809","LLT-1-T-24-T-D1","LLT-1","T",24,"T","12° 40.5219' N  36° 16.8304' E","LLT-1-T-24-T",12.675365,36.2805066666667
"24065","LLT-1-T-24-M-D1","LLT-1","T",24,"M","12° 40.5219' N  36° 16.8304' E","LLT-1-T-24-M",12.675365,36.2805066666667
"24321","LLT-1-T-24-L-D1","LLT-1","T",24,"L","12° 40.5219' N  36° 16.8304' E","LLT-1-T-24-L",12.675365,36.2805066666667
"24577","LLT-1-T-27-T-D1","LLT-1","T",27,"T","12° 40.5239' N  36° 16.8271' E","LLT-1-T-27-T",12.6753983333333,36.2804516666667
"24833","LLT-1-T-27-M-D1","LLT-1","T",27,"M","12° 40.5239' N  36° 16.8271' E","LLT-1-T-27-M",12.6753983333333,36.2804516666667
"25089","LLT-1-T-27-L-D1","LLT-1","T",27,"L","12° 40.5239' N  36° 16.8271' E","LLT-1-T-27-L",12.6753983333333,36.2804516666667
"25345","LLT-1-T-30-T-D1","LLT-1","T",30,"T","12° 40.5273' N  36° 16.8322' E","LLT-1-T-30-T",12.675455,36.2805366666667
"25601","LLT-1-T-30-M-D1","LLT-1","T",30,"M","12° 40.5273' N  36° 16.8322' E","LLT-1-T-30-M",12.675455,36.2805366666667
"25857","LLT-1-T-30-L-D1","LLT-1","T",30,"L","12° 40.5273' N  36° 16.8322' E","LLT-1-T-30-L",12.675455,36.2805366666667
"26113","LLT-1-I-03-T-D1","LLT-1","I",3,"T","12° 40.4846' N  36° 16.8503' E","LLT-1-I-03-T",12.6747433333333,36.2808383333333
"26369","LLT-1-I-03-M-D1","LLT-1","I",3,"M","12° 40.4846' N  36° 16.8503' E","LLT-1-I-03-M",12.6747433333333,36.2808383333333
"26625","LLT-1-I-03-L-D1","LLT-1","I",3,"L","12° 40.4824' N  36° 16.8494' E","LLT-1-I-03-L",12.6747066666667,36.2808233333333
"26881","LLT-1-I-06-T-D1","LLT-1","I",6,"T","12° 40.4824' N  36° 16.8494' E","LLT-1-I-06-T",12.6747066666667,36.2808233333333
"27137","LLT-1-I-06-M-D1","LLT-1","I",6,"M","12° 40.4824' N  36° 16.8494' E","LLT-1-I-06-M",12.6747066666667,36.2808233333333
"27393","LLT-1-I-06-L-D1","LLT-1","I",6,"L","12° 40.4824' N  36° 16.8494' E","LLT-1-I-06-L",12.6747066666667,36.2808233333333
"27649","LLT-1-I-09-T-D1","LLT-1","I",9,"T","12° 40.4824' N  36° 16.8548' E","LLT-1-I-09-T",12.6747066666667,36.2809133333333
"27905","LLT-1-I-09-M-D1","LLT-1","I",9,"M","12° 40.4824' N  36° 16.8548' E","LLT-1-I-09-M",12.6747066666667,36.2809133333333
"28161","LLT-1-I-09-L-D1","LLT-1","I",9,"L","12° 40.4824' N  36° 16.8548' E","LLT-1-I-09-L",12.6747066666667,36.2809133333333
"28417","LLT-1-I-12-T-D1","LLT-1","I",12,"T","12° 40.4846' N  36° 16.8517' E","LLT-1-I-12-T",12.6747433333333,36.2808616666667
"28673","LLT-1-I-12-M-D1","LLT-1","I",12,"M","12° 40.4846' N  36° 16.8517' E","LLT-1-I-12-M",12.6747433333333,36.2808616666667
"28929","LLT-1-I-12-L-D1","LLT-1","I",12,"L","12° 40.4846' N  36° 16.8517' E","LLT-1-I-12-L",12.6747433333333,36.2808616666667
"29185","LLT-1-I-15-T-D1","LLT-1","I",15,"T","12° 40.4882' N  36° 16.8477' E","LLT-1-I-15-T",12.6748033333333,36.280795
"29441","LLT-1-I-15-M-D1","LLT-1","I",15,"M","12° 40.4882' N  36° 16.8477' E","LLT-1-I-15-M",12.6748033333333,36.280795
"29697","LLT-1-I-15-L-D1","LLT-1","I",15,"L","12° 40.4882' N  36° 16.8477' E","LLT-1-I-15-L",12.6748033333333,36.280795
"29953","LLT-1-I-18-T-D1","LLT-1","I",18,"T","12° 40.4900' N  36° 16.8447' E","LLT-1-I-18-T",12.6748333333333,36.280745
"30209","LLT-1-I-18-M-D1","LLT-1","I",18,"M","12° 40.4900' N  36° 16.8447' E","LLT-1-I-18-M",12.6748333333333,36.280745
"30465","LLT-1-I-18-L-D1","LLT-1","I",18,"L","12° 40.4900' N  36° 16.8447' E","LLT-1-I-18-L",12.6748333333333,36.280745
"30721","LLT-1-I-21-T-D1","LLT-1","I",21,"T","12° 40.4912' N  36° 16.8445' E","LLT-1-I-21-T",12.6748533333333,36.2807416666667
"30977","LLT-1-I-21-M-D1","LLT-1","I",21,"M","12° 40.4912' N  36° 16.8445' E","LLT-1-I-21-M",12.6748533333333,36.2807416666667
"31233","LLT-1-I-21-L-D1","LLT-1","I",21,"L","12° 40.4912' N  36° 16.8445' E","LLT-1-I-21-L",12.6748533333333,36.2807416666667
"31489","LLT-1-I-24-T-D1","LLT-1","I",24,"T","12° 40.4969' N  36° 16.8470' E","LLT-1-I-24-T",12.6749483333333,36.2807833333333
"31745","LLT-1-I-24-M-D1","LLT-1","I",24,"M","12° 40.4969' N  36° 16.8470' E","LLT-1-I-24-M",12.6749483333333,36.2807833333333
"32001","LLT-1-I-24-L-D1","LLT-1","I",24,"L","12° 40.4969' N  36° 16.8470' E","LLT-1-I-24-L",12.6749483333333,36.2807833333333
"32257","LLT-1-I-27-T-D1","LLT-1","I",27,"T","12° 40.4961' N  36° 16.8538' E","LLT-1-I-27-T",12.674935,36.2808966666667
"32513","LLT-1-I-27-M-D1","LLT-1","I",27,"M","12° 40.4961' N  36° 16.8538' E","LLT-1-I-27-M",12.674935,36.2808966666667
"32769","LLT-1-I-27-L-D1","LLT-1","I",27,"L","12° 40.4961' N  36° 16.8538' E","LLT-1-I-27-L",12.674935,36.2808966666667
"33025","LLT-1-I-30-T-D1","LLT-1","I",30,"T","12° 40.4965' N  36° 16.8473' E","LLT-1-I-30-T",12.6749416666667,36.2807883333333
"33281","LLT-1-I-30-M-D1","LLT-1","I",30,"M","12° 40.4965' N  36° 16.8473' E","LLT-1-I-30-M",12.6749416666667,36.2807883333333
"33537","LLT-1-I-30-L-D1","LLT-1","I",30,"L","12° 40.4965' N  36° 16.8473' E","LLT-1-I-30-L",12.6749416666667,36.2807883333333
"33793","LLT-1-O-1-T-D1","LLT-1","O",1,"T","12° 40.4702' N  36° 16.8523' E","LLT-1-O-1-T",12.6745033333333,36.2808716666667
"34049","LLT-1-O-1-M-D1","LLT-1","O",1,"M","12° 40.4737' N  36° 16.8541' E","LLT-1-O-1-M",12.6745616666667,36.2809016666667
"34305","LLT-1-O-1-L-D1","LLT-1","O",1,"L","12° 40.4734' N  36° 16.8518' E","LLT-1-O-1-L",12.6745566666667,36.2808633333333
"34561","LLT-1-O-2-T-D1","LLT-1","O",2,"T","12° 40.4726' N  36° 16.8543' E","LLT-1-O-2-T",12.6745433333333,36.280905
"34817","LLT-1-O-2-M-D1","LLT-1","O",2,"M","12° 40.4726' N  36° 16.8543' E","LLT-1-O-2-M",12.6745433333333,36.280905
"35073","LLT-1-O-2-L-D1","LLT-1","O",2,"L","12° 40.4726' N  36° 16.8543' E","LLT-1-O-2-L",12.6745433333333,36.280905
"35329","LLT-1-O-3-T-D1","LLT-1","O",3,"T","12° 40.4760' N  36° 16.8615' E","LLT-1-O-3-T",12.6746,36.281025
"35585","LLT-1-O-3-M-D1","LLT-1","O",3,"M","12° 40.4760' N  36° 16.8615' E","LLT-1-O-3-M",12.6746,36.281025
"35841","LLT-1-O-3-L-D1","LLT-1","O",3,"L","12° 40.4760' N  36° 16.8615' E","LLT-1-O-3-L",12.6746,36.281025
"36097","LLT-1-O-4-T-D1","LLT-1","O",4,"T","12° 40.4927' N  36° 16.8548' E","LLT-1-O-4-T",12.6748783333333,36.2809133333333
"36353","LLT-1-O-4-M-D1","LLT-1","O",4,"M","12° 40.4927' N  36° 16.8548' E","LLT-1-O-4-M",12.6748783333333,36.2809133333333
"36609","LLT-1-O-4-L-D1","LLT-1","O",4,"L","12° 40.4927' N  36° 16.8548' E","LLT-1-O-4-L",12.6748783333333,36.2809133333333
"36865","LLT-2-T-03-T-D1","LLT-2","T",3,"T","12° 40.4591' N  36° 16.6893' E","LLT-2-T-03-T",12.6743183333333,36.278155
"37121","LLT-2-T-03-M-D1","LLT-2","T",3,"M","12° 40.4591' N  36° 16.6893' E","LLT-2-T-03-M",12.6743183333333,36.278155
"37377","LLT-2-T-03-L-D1","LLT-2","T",3,"L","12° 40.4591' N  36° 16.6893' E","LLT-2-T-03-L",12.6743183333333,36.278155
"37633","LLT-2-T-06-T-D1","LLT-2","T",6,"T","12° 40.4642' N  36° 16.6856' E","LLT-2-T-06-T",12.6744033333333,36.2780933333333
"37889","LLT-2-T-06-M-D1","LLT-2","T",6,"M","12° 40.4642' N  36° 16.6856' E","LLT-2-T-06-M",12.6744033333333,36.2780933333333
"38145","LLT-2-T-06-L-D1","LLT-2","T",6,"L","12° 40.4642' N  36° 16.6856' E","LLT-2-T-06-L",12.6744033333333,36.2780933333333
"38401","LLT-2-T-09-T-D1","LLT-2","T",9,"T","12° 40.4642' N  36° 16.6856' E","LLT-2-T-09-T",12.6744033333333,36.2780933333333
"38657","LLT-2-T-09-M-D1","LLT-2","T",9,"M","12° 40.4642' N  36° 16.6856' E","LLT-2-T-09-M",12.6744033333333,36.2780933333333
"38913","LLT-2-T-09-L-D1","LLT-2","T",9,"L","12° 40.4642' N  36° 16.6856' E","LLT-2-T-09-L",12.6744033333333,36.2780933333333
"39169","LLT-2-T-12-T-D1","LLT-2","T",12,"T","12° 40.4674' N  36° 16.6820' E","LLT-2-T-12-T",12.6744566666667,36.2780333333333
"39425","LLT-2-T-12-M-D1","LLT-2","T",12,"M","12° 40.4674' N  36° 16.6820' E","LLT-2-T-12-M",12.6744566666667,36.2780333333333
"39681","LLT-2-T-12-L-D1","LLT-2","T",12,"L","12° 40.4674' N  36° 16.6820' E","LLT-2-T-12-L",12.6744566666667,36.2780333333333
"39937","LLT-2-T-15-T-D1","LLT-2","T",15,"T","12° 40.4734' N  36° 16.6795' E","LLT-2-T-15-T",12.6745566666667,36.2779916666667
"40193","LLT-2-T-15-M-D1","LLT-2","T",15,"M","12° 40.4734' N  36° 16.6795' E","LLT-2-T-15-M",12.6745566666667,36.2779916666667
"40449","LLT-2-T-15-L-D1","LLT-2","T",15,"L","12° 40.4734' N  36° 16.6795' E","LLT-2-T-15-L",12.6745566666667,36.2779916666667
"40705","LLT-2-T-18-T-D1","LLT-2","T",18,"T","12° 40.4943' N  36° 16.6877' E","LLT-2-T-18-T",12.674905,36.2781283333333
"40961","LLT-2-T-18-M-D1","LLT-2","T",18,"M","12° 40.4943' N  36° 16.6877' E","LLT-2-T-18-M",12.674905,36.2781283333333
"41217","LLT-2-T-18-L-D1","LLT-2","T",18,"L","12° 40.4943' N  36° 16.6877' E","LLT-2-T-18-L",12.674905,36.2781283333333
"41473","LLT-2-T-21-T-D1","LLT-2","T",21,"T","12° 40.4943' N  36° 16.6877' E","LLT-2-T-21-T",12.674905,36.2781283333333
"41729","LLT-2-T-21-M-D1","LLT-2","T",21,"M","12° 40.4943' N  36° 16.6877' E","LLT-2-T-21-M",12.674905,36.2781283333333
"41985","LLT-2-T-21-L-D1","LLT-2","T",21,"L","12° 40.4943' N  36° 16.6877' E","LLT-2-T-21-L",12.674905,36.2781283333333
"42241","LLT-2-T-24-T-D1","LLT-2","T",24,"T","12° 40.5009' N  36° 16.6872' E","LLT-2-T-24-T",12.675015,36.27812
"42497","LLT-2-T-24-M-D1","LLT-2","T",24,"M","12° 40.5009' N  36° 16.6872' E","LLT-2-T-24-M",12.675015,36.27812
"42753","LLT-2-T-24-L-D1","LLT-2","T",24,"L","12° 40.5009' N  36° 16.6872' E","LLT-2-T-24-L",12.675015,36.27812
"43009","LLT-2-T-27-T-D1","LLT-2","T",27,"T","12° 40.4992' N  36° 16.6812' E","LLT-2-T-27-T",12.6749866666667,36.27802
"43265","LLT-2-T-27-M-D1","LLT-2","T",27,"M","12° 40.4992' N  36° 16.6812' E","LLT-2-T-27-M",12.6749866666667,36.27802
"43521","LLT-2-T-27-L-D1","LLT-2","T",27,"L","12° 40.4992' N  36° 16.6812' E","LLT-2-T-27-L",12.6749866666667,36.27802
"43777","LLT-2-T-30-T-D1","LLT-2","T",30,"T","12° 40.4986' N  36° 16.6782' E","LLT-2-T-30-T",12.6749766666667,36.27797
"44033","LLT-2-T-30-M-D1","LLT-2","T",30,"M","12° 40.4986' N  36° 16.6782' E","LLT-2-T-30-M",12.6749766666667,36.27797
"44289","LLT-2-T-30-L-D1","LLT-2","T",30,"L","12° 40.4986' N  36° 16.6782' E","LLT-2-T-30-L",12.6749766666667,36.27797
"44545","LLT-2-I-03-T-D1","LLT-2","I",3,"T","12° 40.4540' N  36° 16.7241' E","LLT-2-I-03-T",12.6742333333333,36.278735
"44801","LLT-2-I-03-M-D1","LLT-2","I",3,"M","12° 40.4540' N  36° 16.7241' E","LLT-2-I-03-M",12.6742333333333,36.278735
"45057","LLT-2-I-03-L-D1","LLT-2","I",3,"L","12° 40.4540' N  36° 16.7241' E","LLT-2-I-03-L",12.6742333333333,36.278735
"45313","LLT-2-I-06-T-D1","LLT-2","I",6,"T","12° 40.4592' N  36° 16.7222' E","LLT-2-I-06-T",12.67432,36.2787033333333
"45569","LLT-2-I-06-M-D1","LLT-2","I",6,"M","12° 40.4592' N  36° 16.7222' E","LLT-2-I-06-M",12.67432,36.2787033333333
"45825","LLT-2-I-06-L-D1","LLT-2","I",6,"L","12° 40.4592' N  36° 16.7222' E","LLT-2-I-06-L",12.67432,36.2787033333333
"46081","LLT-2-I-09-T-D1","LLT-2","I",9,"T","12° 40.4592' N  36° 16.7222' E","LLT-2-I-09-T",12.67432,36.2787033333333
"46337","LLT-2-I-09-M-D1","LLT-2","I",9,"M","12° 40.4609' N  36° 16.7219' E","LLT-2-I-09-M",12.6743483333333,36.2786983333333
"46593","LLT-2-I-09-L-D1","LLT-2","I",9,"L","12° 40.4609' N  36° 16.7219' E","LLT-2-I-09-L",12.6743483333333,36.2786983333333
"46849","LLT-2-I-12-T-D1","LLT-2","I",12,"T","12° 40.4556' N  36° 16.7150' E","LLT-2-I-12-T",12.67426,36.2785833333333
"47105","LLT-2-I-12-M-D1","LLT-2","I",12,"M","12° 40.4556' N  36° 16.7150' E","LLT-2-I-12-M",12.67426,36.2785833333333
"47361","LLT-2-I-12-L-D1","LLT-2","I",12,"L","12° 40.4556' N  36° 16.7150' E","LLT-2-I-12-L",12.67426,36.2785833333333
"47617","LLT-2-I-15-T-D1","LLT-2","I",15,"T","12° 40.4476' N  36° 16.7122' E","LLT-2-I-15-T",12.6741266666667,36.2785366666667
"47873","LLT-2-I-15-M-D1","LLT-2","I",15,"M","12° 40.4476' N  36° 16.7122' E","LLT-2-I-15-M",12.6741266666667,36.2785366666667
"48129","LLT-2-I-15-L-D1","LLT-2","I",15,"L","12° 40.4476' N  36° 16.7122' E","LLT-2-I-15-L",12.6741266666667,36.2785366666667
"48385","LLT-2-I-18-T-D1","LLT-2","I",18,"T","12° 40.4618' N  36° 16.7095' E","LLT-2-I-18-T",12.6743633333333,36.2784916666667
"48641","LLT-2-I-18-M-D1","LLT-2","I",18,"M","12° 40.4618' N  36° 16.7095' E","LLT-2-I-18-M",12.6743633333333,36.2784916666667
"48897","LLT-2-I-18-L-D1","LLT-2","I",18,"L","12° 40.4618' N  36° 16.7095' E","LLT-2-I-18-L",12.6743633333333,36.2784916666667
"49153","LLT-2-I-21-T-D1","LLT-2","I",21,"T","12° 40.4507' N  36° 16.7054' E","LLT-2-I-21-T",12.6741783333333,36.2784233333333
"49409","LLT-2-I-21-M-D1","LLT-2","I",21,"M","12° 40.4507' N  36° 16.7054' E","LLT-2-I-21-M",12.6741783333333,36.2784233333333
"49665","LLT-2-I-21-L-D1","LLT-2","I",21,"L","12° 40.4507' N  36° 16.7054' E","LLT-2-I-21-L",12.6741783333333,36.2784233333333
"49921","LLT-2-I-24-T-D1","LLT-2","I",24,"T","12° 40.4539' N  36° 16.7032' E","LLT-2-I-24-T",12.6742316666667,36.2783866666667
"50177","LLT-2-I-24-M-D1","LLT-2","I",24,"M","12° 40.4539' N  36° 16.7032' E","LLT-2-I-24-M",12.6742316666667,36.2783866666667
"50433","LLT-2-I-24-L-D1","LLT-2","I",24,"L","12° 40.4539' N  36° 16.7032' E","LLT-2-I-24-L",12.6742316666667,36.2783866666667
"50689","LLT-2-I-27-T-D1","LLT-2","I",27,"T","12° 40.4518' N  36° 16.7007' E","LLT-2-I-27-T",12.6741966666667,36.278345
"50945","LLT-2-I-27-M-D1","LLT-2","I",27,"M","12° 40.4518' N  36° 16.7007' E","LLT-2-I-27-M",12.6741966666667,36.278345
"51201","LLT-2-I-27-L-D1","LLT-2","I",27,"L","12° 40.4518' N  36° 16.7007' E","LLT-2-I-27-L",12.6741966666667,36.278345
"51457","LLT-2-I-30-T-D1","LLT-2","I",30,"T","12° 40.4477' N  36° 16.6942' E","LLT-2-I-30-T",12.6741283333333,36.2782366666667
"51713","LLT-2-I-30-M-D1","LLT-2","I",30,"M","12° 40.4477' N  36° 16.6942' E","LLT-2-I-30-M",12.6741283333333,36.2782366666667
"51969","LLT-2-I-30-L-D1","LLT-2","I",30,"L","12° 40.4477' N  36° 16.6942' E","LLT-2-I-30-L",12.6741283333333,36.2782366666667
"52225","LLT-2-O-1-T-D1","LLT-2","O",1,"T","12° 40.4477' N  36° 16.6942' E","LLT-2-O-1-T",12.6741283333333,36.2782366666667
"52481","LLT-2-O-1-M-D1","LLT-2","O",1,"M","12° 40.4477' N  36° 16.6942' E","LLT-2-O-1-M",12.6741283333333,36.2782366666667
"52737","LLT-2-O-1-L-D1","LLT-2","O",1,"L","12° 40.4477' N  36° 16.6942' E","LLT-2-O-1-L",12.6741283333333,36.2782366666667
"52993","LLT-2-O-2-T-D1","LLT-2","O",2,"T","12° 40.4463' N  36° 16.6903' E","LLT-2-O-2-T",12.674105,36.2781716666667
"53249","LLT-2-O-2-M-D1","LLT-2","O",2,"M","12° 40.4465' N  36° 16.6902' E","LLT-2-O-2-M",12.6741083333333,36.27817
"53505","LLT-2-O-2-L-D1","LLT-2","O",2,"L","12° 40.4465' N  36° 16.6902' E","LLT-2-O-2-L",12.6741083333333,36.27817
"53761","LLT-2-O-3-T-D1","LLT-2","O",3,"T","12° 40.4341' N  36° 16.7133' E","LLT-2-O-3-T",12.6739016666667,36.278555
"54017","LLT-2-O-3-M-D1","LLT-2","O",3,"M","12° 40.4341' N  36° 16.7133' E","LLT-2-O-3-M",12.6739016666667,36.278555
"54273","LLT-2-O-3-L-D1","LLT-2","O",3,"L","12° 40.4341' N  36° 16.7133' E","LLT-2-O-3-L",12.6739016666667,36.278555
"54529","LLT-2-O-4-T-D1","LLT-2","O",4,"T","12° 40.4402' N  36° 16.7253' E","LLT-2-O-4-T",12.6740033333333,36.278755
"54785","LLT-2-O-4-M-D1","LLT-2","O",4,"M","12° 40.4405' N  36° 16.7253' E","LLT-2-O-4-M",12.6740083333333,36.278755
"55041","LLT-2-O-4-L-D1","LLT-2","O",4,"L","12° 40.4405' N  36° 16.7253' E","LLT-2-O-4-L",12.6740083333333,36.278755
"55297","DG-1-T-03-T-D1","DG-1","T",3,"T","12° 44.5740' N  36° 8.0868' E","DG-1-T-03-T",12.7429,36.13478
"55553","DG-1-T-03-M-D1","DG-1","T",3,"M","12° 44.5740' N  36° 8.0868' E","DG-1-T-03-M",12.7429,36.13478
"55809","DG-1-T-03-L-D1","DG-1","T",3,"L","12° 44.5740' N  36° 8.0868' E","DG-1-T-03-L",12.7429,36.13478
"56065","DG-1-T-06-T-D1","DG-1","T",6,"T","12° 44.5515' N  36° 8.0679' E","DG-1-T-06-T",12.742525,36.134465
"56321","DG-1-T-06-M-D1","DG-1","T",6,"M","12° 44.5515' N  36° 8.0679' E","DG-1-T-06-M",12.742525,36.134465
"56577","DG-1-T-06-L-D1","DG-1","T",6,"L","12° 44.5515' N  36° 8.0679' E","DG-1-T-06-L",12.742525,36.134465
"56833","DG-1-T-09-T-D1","DG-1","T",9,"T","12° 44.5608' N  36° 8.0441' E","DG-1-T-09-T",12.74268,36.1340683333333
"57089","DG-1-T-09-M-D1","DG-1","T",9,"M","12° 44.5608' N  36° 8.0441' E","DG-1-T-09-M",12.74268,36.1340683333333
"57345","DG-1-T-09-L-D1","DG-1","T",9,"L","12° 44.5608' N  36° 8.0441' E","DG-1-T-09-L",12.74268,36.1340683333333
"57601","DG-1-T-12-T-D1","DG-1","T",12,"T","12° 44.5715' N  36° 8.0450' E","DG-1-T-12-T",12.7428583333333,36.1340833333333
"57857","DG-1-T-12-M-D1","DG-1","T",12,"M","12° 44.5715' N  36° 8.0450' E","DG-1-T-12-M",12.7428583333333,36.1340833333333
"58113","DG-1-T-12-L-D1","DG-1","T",12,"L","12° 44.5715' N  36° 8.0450' E","DG-1-T-12-L",12.7428583333333,36.1340833333333
"58369","DG-1-T-15-T-D1","DG-1","T",15,"T","12° 44.5776' N  36° 8.0322' E","DG-1-T-15-T",12.74296,36.13387
"58625","DG-1-T-15-M-D1","DG-1","T",15,"M","12° 44.5776' N  36° 8.0322' E","DG-1-T-15-M",12.74296,36.13387
"58881","DG-1-T-15-L-D1","DG-1","T",15,"L","12° 44.5776' N  36° 8.0322' E","DG-1-T-15-L",12.74296,36.13387
"59137","DG-1-T-18-T-D1","DG-1","T",18,"T","12° 44.5525' N  36° 8.0077' E","DG-1-T-18-T",12.7425416666667,36.1334616666667
"59393","DG-1-T-18-M-D1","DG-1","T",18,"M","12° 44.5525' N  36° 8.0077' E","DG-1-T-18-M",12.7425416666667,36.1334616666667
"59649","DG-1-T-18-L-D1","DG-1","T",18,"L","12° 44.5525' N  36° 8.0077' E","DG-1-T-18-L",12.7425416666667,36.1334616666667
"59905","DG-1-T-21-T-D1","DG-1","T",21,"T","12° 44.5662' N  36° 7.9767' E","DG-1-T-21-T",12.74277,36.132945
"60161","DG-1-T-21-M-D1","DG-1","T",21,"M","12° 44.5658' N  36° 7.9760' E","DG-1-T-21-M",12.7427633333333,36.1329333333333
"60417","DG-1-T-21-L-D1","DG-1","T",21,"L","12° 44.5658' N  36° 7.9760' E","DG-1-T-21-L",12.7427633333333,36.1329333333333
"60673","DG-1-T-24-T-D1","DG-1","T",24,"T","12° 44.5631' N  36° 7.9754' E","DG-1-T-24-T",12.7427183333333,36.1329233333333
"60929","DG-1-T-24-M-D1","DG-1","T",24,"M","12° 44.5631' N  36° 7.9754' E","DG-1-T-24-M",12.7427183333333,36.1329233333333
"61185","DG-1-T-24-L-D1","DG-1","T",24,"L","12° 44.5631' N  36° 7.9754' E","DG-1-T-24-L",12.7427183333333,36.1329233333333
"61441","DG-1-T-27-T-D1","DG-1","T",27,"T","12° 44.5526' N  36° 7.9757' E","DG-1-T-27-T",12.7425433333333,36.1329283333333
"61697","DG-1-T-27-M-D1","DG-1","T",27,"M","12° 44.5499' N  36° 7.9758' E","DG-1-T-27-M",12.7424983333333,36.13293
"61953","DG-1-T-27-L-D1","DG-1","T",27,"L","12° 44.5499' N  36° 7.9758' E","DG-1-T-27-L",12.7424983333333,36.13293
"62209","DG-1-T-30-T-D1","DG-1","T",30,"T","12° 44.5499' N  36° 7.9758' E","DG-1-T-30-T",12.7424983333333,36.13293
"62465","DG-1-T-30-M-D1","DG-1","T",30,"M","12° 44.5499' N  36° 7.9758' E","DG-1-T-30-M",12.7424983333333,36.13293
"62721","DG-1-T-30-L-D1","DG-1","T",30,"L","12° 44.5459' N  36° 7.9823' E","DG-1-T-30-L",12.7424316666667,36.1330383333333
"62977","DG-1-I-03-T-D1","DG-1","I",3,"T","12° 44.5198' N  36° 8.1764' E","DG-1-I-03-T",12.7419966666667,36.1362733333333
"63233","DG-1-I-03-M-D1","DG-1","I",3,"M","12° 44.5198' N  36° 8.1764' E","DG-1-I-03-M",12.7419966666667,36.1362733333333
"63489","DG-1-I-03-L-D1","DG-1","I",3,"L","12° 44.5198' N  36° 8.1764' E","DG-1-I-03-L",12.7419966666667,36.1362733333333
"63745","DG-1-I-06-T-D1","DG-1","I",6,"T","12° 44.5216' N  36° 8.2035' E","DG-1-I-06-T",12.7420266666667,36.136725
"64001","DG-1-I-06-M-D1","DG-1","I",6,"M","12° 44.5216' N  36° 8.2035' E","DG-1-I-06-M",12.7420266666667,36.136725
"64257","DG-1-I-06-L-D1","DG-1","I",6,"L","12° 44.5238' N  36° 8.2053' E","DG-1-I-06-L",12.7420633333333,36.136755
"64513","DG-1-I-09-T-D1","DG-1","I",9,"T","12° 44.5322' N  36° 8.1990' E","DG-1-I-09-T",12.7422033333333,36.13665
"64769","DG-1-I-09-M-D1","DG-1","I",9,"M","12° 44.5328' N  36° 8.1966' E","DG-1-I-09-M",12.7422133333333,36.13661
"65025","DG-1-I-09-L-D1","DG-1","I",9,"L","12° 44.5328' N  36° 8.1964' E","DG-1-I-09-L",12.7422133333333,36.1366066666667
"65281","DG-1-I-12-T-D1","DG-1","I",12,"T","12° 44.5588' N  36° 8.1618' E","DG-1-I-12-T",12.7426466666667,36.13603
"65537","DG-1-I-12-M-D1","DG-1","I",12,"M","12° 44.5588' N  36° 8.1618' E","DG-1-I-12-M",12.7426466666667,36.13603
"65793","DG-1-I-12-L-D1","DG-1","I",12,"L","12° 44.5588' N  36° 8.1618' E","DG-1-I-12-L",12.7426466666667,36.13603
"66049","DG-1-I-15-T-D1","DG-1","I",15,"T","12° 44.5582' N  36° 8.1591' E","DG-1-I-15-T",12.7426366666667,36.135985
"66305","DG-1-I-15-M-D1","DG-1","I",15,"M","12° 44.5565' N  36° 8.1569' E","DG-1-I-15-M",12.7426083333333,36.1359483333333
"66561","DG-1-I-15-L-D1","DG-1","I",15,"L","12° 44.5565' N  36° 8.1569' E","DG-1-I-15-L",12.7426083333333,36.1359483333333
"66817","DG-1-I-18-T-D1","DG-1","I",18,"T","12° 44.5509' N  36° 8.1354' E","DG-1-I-18-T",12.742515,36.13559
"67073","DG-1-I-18-M-D1","DG-1","I",18,"M","12° 44.5509' N  36° 8.1354' E","DG-1-I-18-M",12.742515,36.13559
"67329","DG-1-I-18-L-D1","DG-1","I",18,"L","12° 44.5509' N  36° 8.1354' E","DG-1-I-18-L",12.742515,36.13559
"67585","DG-1-I-21-T-D1","DG-1","I",21,"T","12° 44.5809' N  36° 8.1175' E","DG-1-I-21-T",12.743015,36.1352916666667
"67841","DG-1-I-21-M-D1","DG-1","I",21,"M","12° 44.5819' N  36° 8.1147' E","DG-1-I-21-M",12.7430316666667,36.135245
"68097","DG-1-I-21-L-D1","DG-1","I",21,"L","12° 44.5819' N  36° 8.1147' E","DG-1-I-21-L",12.7430316666667,36.135245
"68353","DG-1-I-24-T-D1","DG-1","I",24,"T","12° 44.5819' N  36° 8.1147' E","DG-1-I-24-T",12.7430316666667,36.135245
"68609","DG-1-I-24-M-D1","DG-1","I",24,"M","12° 44.5819' N  36° 8.1147' E","DG-1-I-24-M",12.7430316666667,36.135245
"68865","DG-1-I-24-L-D1","DG-1","I",24,"L","12° 44.5819' N  36° 8.1147' E","DG-1-I-24-L",12.7430316666667,36.135245
"69121","DG-1-I-27-T-D1","DG-1","I",27,"T","12° 44.5583' N  36° 8.1071' E","DG-1-I-27-T",12.7426383333333,36.1351183333333
"69377","DG-1-I-27-M-D1","DG-1","I",27,"M","12° 44.5583' N  36° 8.1071' E","DG-1-I-27-M",12.7426383333333,36.1351183333333
"69633","DG-1-I-27-L-D1","DG-1","I",27,"L","12° 44.5583' N  36° 8.1071' E","DG-1-I-27-L",12.7426383333333,36.1351183333333
"69889","DG-1-I-30-T-D1","DG-1","I",30,"T","12° 44.5513' N  36° 8.1275' E","DG-1-I-30-T",12.7425216666667,36.1354583333333
"70145","DG-1-I-30-M-D1","DG-1","I",30,"M","12° 44.5513' N  36° 8.1275' E","DG-1-I-30-M",12.7425216666667,36.1354583333333
"70401","DG-1-I-30-L-D1","DG-1","I",30,"L","12° 44.5513' N  36° 8.1275' E","DG-1-I-30-L",12.7425216666667,36.1354583333333
"70657","DG-1-O-1-T-D1","DG-1","O",1,"T","12° 44.5366' N  36° 8.1235' E","DG-1-O-1-T",12.7422766666667,36.1353916666667
"70913","DG-1-O-1-M-D1","DG-1","O",1,"M","12° 44.5366' N  36° 8.1235' E","DG-1-O-1-M",12.7422766666667,36.1353916666667
"71169","DG-1-O-1-L-D1","DG-1","O",1,"L","12° 44.5366' N  36° 8.1235' E","DG-1-O-1-L",12.7422766666667,36.1353916666667
"71425","DG-1-O-2-T-D1","DG-1","O",2,"T","12° 44.5343' N  36° 8.1236' E","DG-1-O-2-T",12.7422383333333,36.1353933333333
"71681","DG-1-O-2-M-D1","DG-1","O",2,"M","12° 44.5343' N  36° 8.1236' E","DG-1-O-2-M",12.7422383333333,36.1353933333333
"71937","DG-1-O-2-L-D1","DG-1","O",2,"L","12° 44.5313' N  36° 8.1233' E","DG-1-O-2-L",12.7421883333333,36.1353883333333
"72193","DG-1-O-3-T-D1","DG-1","O",3,"T","12° 44.5313' N  36° 8.1233' E","DG-1-O-3-T",12.7421883333333,36.1353883333333
"72449","DG-1-O-3-M-D1","DG-1","O",3,"M","12° 44.5316' N  36° 8.1307' E","DG-1-O-3-M",12.7421933333333,36.1355116666667
"72705","DG-1-O-3-L-D1","DG-1","O",3,"L","12° 44.5316' N  36° 8.1307' E","DG-1-O-3-L",12.7421933333333,36.1355116666667
"72961","DG-1-O-4-T-D1","DG-1","O",4,"T","12° 44.5316' N  36° 8.1307' E","DG-1-O-4-T",12.7421933333333,36.1355116666667
"73217","DG-1-O-4-M-D1","DG-1","O",4,"M","12° 44.5350' N  36° 8.1459' E","DG-1-O-4-M",12.74225,36.135765
"73473","DG-1-O-4-L-D1","DG-1","O",4,"L","12° 44.5350' N  36° 8.1459' E","DG-1-O-4-L",12.74225,36.135765
"73729","AW-1-T-03-T-D2","AW-1","T",3,"T","12° 41.7815' N  36° 18.8300' E","AW-1-T-03-T",12.6963583333333,36.3138333333333
"73985","AW-1-T-03-M-D2","AW-1","T",3,"M","12° 41.7815' N  36° 18.8300' E","AW-1-T-03-M",12.6963583333333,36.3138333333333
"74241","AW-1-T-03-L-D2","AW-1","T",3,"L","12° 41.7815' N  36° 18.8300' E","AW-1-T-03-L",12.6963583333333,36.3138333333333
"74497","AW-1-T-06-T-D2","AW-1","T",6,"T","12° 41.7815' N  36° 18.8263' E","AW-1-T-06-T",12.6963583333333,36.3137716666667
"74753","AW-1-T-06-M-D2","AW-1","T",6,"M","12° 41.7815' N  36° 18.8263' E","AW-1-T-06-M",12.6963583333333,36.3137716666667
"75009","AW-1-T-06-L-D2","AW-1","T",6,"L","12° 41.7815' N  36° 18.8263' E","AW-1-T-06-L",12.6963583333333,36.3137716666667
"75265","AW-1-T-09-T-D2","AW-1","T",9,"T","12° 41.7851' N  36° 18.8264' E","AW-1-T-09-T",12.6964183333333,36.3137733333333
"75521","AW-1-T-09-M-D2","AW-1","T",9,"M","12° 41.7851' N  36° 18.8264' E","AW-1-T-09-M",12.6964183333333,36.3137733333333
"75777","AW-1-T-09-L-D2","AW-1","T",9,"L","12° 41.7851' N  36° 18.8264' E","AW-1-T-09-L",12.6964183333333,36.3137733333333
"76033","AW-1-T-12-T-D2","AW-1","T",12,"T","12° 41.7888' N  36° 18.8367' E","AW-1-T-12-T",12.69648,36.313945
"76289","AW-1-T-12-M-D2","AW-1","T",12,"M","12° 41.7888' N  36° 18.8367' E","AW-1-T-12-M",12.69648,36.313945
"76545","AW-1-T-12-L-D2","AW-1","T",12,"L","12° 41.7888' N  36° 18.8367' E","AW-1-T-12-L",12.69648,36.313945
"76801","AW-1-T-15-T-D2","AW-1","T",15,"T","12° 41.7934' N  36° 18.8438' E","AW-1-T-15-T",12.6965566666667,36.3140633333333
"77057","AW-1-T-15-M-D2","AW-1","T",15,"M","12° 41.7934' N  36° 18.8438' E","AW-1-T-15-M",12.6965566666667,36.3140633333333
"77313","AW-1-T-15-L-D2","AW-1","T",15,"L","12° 41.7934' N  36° 18.8438' E","AW-1-T-15-L",12.6965566666667,36.3140633333333
"77569","AW-1-T-18-T-D2","AW-1","T",18,"T","12° 41.7872' N  36° 18.8430' E","AW-1-T-18-T",12.6964533333333,36.31405
"77825","AW-1-T-18-M-D2","AW-1","T",18,"M","12° 41.7872' N  36° 18.8430' E","AW-1-T-18-M",12.6964533333333,36.31405
"78081","AW-1-T-18-L-D2","AW-1","T",18,"L","12° 41.7872' N  36° 18.8430' E","AW-1-T-18-L",12.6964533333333,36.31405
"78337","AW-1-T-21-T-D2","AW-1","T",21,"T","12° 41.7833' N  36° 18.8467' E","AW-1-T-21-T",12.6963883333333,36.3141116666667
"78593","AW-1-T-21-M-D2","AW-1","T",21,"M","12° 41.7833' N  36° 18.8467' E","AW-1-T-21-M",12.6963883333333,36.3141116666667
"78849","AW-1-T-21-L-D2","AW-1","T",21,"L","12° 41.7833' N  36° 18.8467' E","AW-1-T-21-L",12.6963883333333,36.3141116666667
"79105","AW-1-T-24-T-D2","AW-1","T",24,"T","12° 41.7850' N  36° 18.8529' E","AW-1-T-24-T",12.6964166666667,36.314215
"79361","AW-1-T-24-M-D2","AW-1","T",24,"M","12° 41.7850' N  36° 18.8529' E","AW-1-T-24-M",12.6964166666667,36.314215
"79617","AW-1-T-24-L-D2","AW-1","T",24,"L","12° 41.7850' N  36° 18.8529' E","AW-1-T-24-L",12.6964166666667,36.314215
"79873","AW-1-T-27-T-D2","AW-1","T",27,"T","12° 41.7845' N  36° 18.8510' E","AW-1-T-27-T",12.6964083333333,36.3141833333333
"80129","AW-1-T-27-M-D2","AW-1","T",27,"M","12° 41.7845' N  36° 18.8510' E","AW-1-T-27-M",12.6964083333333,36.3141833333333
"80385","AW-1-T-27-L-D2","AW-1","T",27,"L","12° 41.7845' N  36° 18.8510' E","AW-1-T-27-L",12.6964083333333,36.3141833333333
"80641","AW-1-T-30-T-D2","AW-1","T",30,"T","12° 41.7928' N  36° 18.8479' E","AW-1-T-30-T",12.6965466666667,36.3141316666667
"80897","AW-1-T-30-M-D2","AW-1","T",30,"M","12° 41.7928' N  36° 18.8479' E","AW-1-T-30-M",12.6965466666667,36.3141316666667
"81153","AW-1-T-30-L-D2","AW-1","T",30,"L","12° 41.7928' N  36° 18.8479' E","AW-1-T-30-L",12.6965466666667,36.3141316666667
"81409","AW-1-I-03-T-D2","AW-1","I",3,"T","12° 41.7615' N  36° 18.8294' E","AW-1-I-03-T",12.696025,36.3138233333333
"81665","AW-1-I-03-M-D2","AW-1","I",3,"M","12° 41.7615' N  36° 18.8294' E","AW-1-I-03-M",12.696025,36.3138233333333
"81921","AW-1-I-03-L-D2","AW-1","I",3,"L","12° 41.7615' N  36° 18.8294' E","AW-1-I-03-L",12.696025,36.3138233333333
"82177","AW-1-I-06-T-D2","AW-1","I",6,"T","12° 41.7637' N  36° 18.8326' E","AW-1-I-06-T",12.6960616666667,36.3138766666667
"82433","AW-1-I-06-M-D2","AW-1","I",6,"M","12° 41.7637' N  36° 18.8326' E","AW-1-I-06-M",12.6960616666667,36.3138766666667
"82689","AW-1-I-06-L-D2","AW-1","I",6,"L","12° 41.7637' N  36° 18.8326' E","AW-1-I-06-L",12.6960616666667,36.3138766666667
"82945","AW-1-I-09-T-D2","AW-1","I",9,"T","12° 41.7668' N  36° 18.8336' E","AW-1-I-09-T",12.6961133333333,36.3138933333333
"83201","AW-1-I-09-M-D2","AW-1","I",9,"M","12° 41.7668' N  36° 18.8336' E","AW-1-I-09-M",12.6961133333333,36.3138933333333
"83457","AW-1-I-09-L-D2","AW-1","I",9,"L","12° 41.7668' N  36° 18.8336' E","AW-1-I-09-L",12.6961133333333,36.3138933333333
"83713","AW-1-I-12-T-D2","AW-1","I",12,"T","12° 41.7702' N  36° 18.8335' E","AW-1-I-12-T",12.69617,36.3138916666667
"83969","AW-1-I-12-M-D2","AW-1","I",12,"M","12° 41.7702' N  36° 18.8335' E","AW-1-I-12-M",12.69617,36.3138916666667
"84225","AW-1-I-12-L-D2","AW-1","I",12,"L","12° 41.7702' N  36° 18.8335' E","AW-1-I-12-L",12.69617,36.3138916666667
"84481","AW-1-I-15-T-D2","AW-1","I",15,"T","12° 41.7734' N  36° 18.8412' E","AW-1-I-15-T",12.6962233333333,36.31402
"84737","AW-1-I-15-M-D2","AW-1","I",15,"M","12° 41.7734' N  36° 18.8412' E","AW-1-I-15-M",12.6962233333333,36.31402
"84993","AW-1-I-15-L-D2","AW-1","I",15,"L","12° 41.7734' N  36° 18.8412' E","AW-1-I-15-L",12.6962233333333,36.31402
"85249","AW-1-I-18-T-D2","AW-1","I",18,"T","12° 41.7756' N  36° 18.8415' E","AW-1-I-18-T",12.69626,36.314025
"85505","AW-1-I-18-M-D2","AW-1","I",18,"M","12° 41.7756' N  36° 18.8415' E","AW-1-I-18-M",12.69626,36.314025
"85761","AW-1-I-18-L-D2","AW-1","I",18,"L","12° 41.7756' N  36° 18.8415' E","AW-1-I-18-L",12.69626,36.314025
"86017","AW-1-I-21-T-D2","AW-1","I",21,"T","12° 41.7763' N  36° 18.8346' E","AW-1-I-21-T",12.6962716666667,36.31391
"86273","AW-1-I-21-M-D2","AW-1","I",21,"M","12° 41.7763' N  36° 18.8346' E","AW-1-I-21-M",12.6962716666667,36.31391
"86529","AW-1-I-21-L-D2","AW-1","I",21,"L","12° 41.7763' N  36° 18.8346' E","AW-1-I-21-L",12.6962716666667,36.31391
"86785","AW-1-I-24-T-D2","AW-1","I",24,"T","12° 41.7781' N  36° 18.8325' E","AW-1-I-24-T",12.6963016666667,36.313875
"87041","AW-1-I-24-M-D2","AW-1","I",24,"M","12° 41.7781' N  36° 18.8325' E","AW-1-I-24-M",12.6963016666667,36.313875
"87297","AW-1-I-24-L-D2","AW-1","I",24,"L","12° 41.7781' N  36° 18.8325' E","AW-1-I-24-L",12.6963016666667,36.313875
"87553","AW-1-I-27-T-D2","AW-1","I",27,"T","12° 41.7806' N  36° 18.8344' E","AW-1-I-27-T",12.6963433333333,36.3139066666667
"87809","AW-1-I-27-M-D2","AW-1","I",27,"M","12° 41.7806' N  36° 18.8344' E","AW-1-I-27-M",12.6963433333333,36.3139066666667
"88065","AW-1-I-27-L-D2","AW-1","I",27,"L","12° 41.7806' N  36° 18.8344' E","AW-1-I-27-L",12.6963433333333,36.3139066666667
"88321","AW-1-I-30-T-D2","AW-1","I",30,"T","12° 41.7806' N  36° 18.8344' E","AW-1-I-30-T",12.6963433333333,36.3139066666667
"88577","AW-1-I-30-M-D2","AW-1","I",30,"M","12° 41.7806' N  36° 18.8344' E","AW-1-I-30-M",12.6963433333333,36.3139066666667
"88833","AW-1-I-30-L-D2","AW-1","I",30,"L","12° 41.7806' N  36° 18.8344' E","AW-1-I-30-L",12.6963433333333,36.3139066666667
"89089","AW-1-O-1-T-D2","AW-1","O",1,"T","12° 41.7906' N  36° 18.8176' E","AW-1-O-1-T",12.69651,36.3136266666667
"89345","AW-1-O-1-M-D2","AW-1","O",1,"M","12° 41.7906' N  36° 18.8176' E","AW-1-O-1-M",12.69651,36.3136266666667
"89601","AW-1-O-1-L-D2","AW-1","O",1,"L","12° 41.7906' N  36° 18.8176' E","AW-1-O-1-L",12.69651,36.3136266666667
"89857","AW-1-O-2-T-D2","AW-1","O",2,"T","12° 41.7906' N  36° 18.8176' E","AW-1-O-2-T",12.69651,36.3136266666667
"90113","AW-1-O-2-M-D2","AW-1","O",2,"M","12° 41.7906' N  36° 18.8176' E","AW-1-O-2-M",12.69651,36.3136266666667
"90369","AW-1-O-2-L-D2","AW-1","O",2,"L","12° 41.7906' N  36° 18.8176' E","AW-1-O-2-L",12.69651,36.3136266666667
"90625","AW-1-O-3-T-D2","AW-1","O",3,"T","12° 41.7810' N  36° 18.8122' E","AW-1-O-3-T",12.69635,36.3135366666667
"90881","AW-1-O-3-M-D2","AW-1","O",3,"M","12° 41.7810' N  36° 18.8122' E","AW-1-O-3-M",12.69635,36.3135366666667
"91137","AW-1-O-3-L-D2","AW-1","O",3,"L","12° 41.7810' N  36° 18.8122' E","AW-1-O-3-L",12.69635,36.3135366666667
"91393","AW-1-O-4-T-D2","AW-1","O",4,"T","12° 41.7790' N  36° 18.8127' E","AW-1-O-4-T",12.6963166666667,36.313545
"91649","AW-1-O-4-M-D2","AW-1","O",4,"M","12° 41.7790' N  36° 18.8127' E","AW-1-O-4-M",12.6963166666667,36.313545
"91905","AW-1-O-4-L-D2","AW-1","O",4,"L","12° 41.7790' N  36° 18.8127' E","AW-1-O-4-L",12.6963166666667,36.313545
"92161","LLT-1-T-03-T-D2","LLT-1","T",3,"T","12° 40.5058' N  36° 16.8475' E","LLT-1-T-03-T",12.6750966666667,36.2807916666667
"92417","LLT-1-T-03-M-D2","LLT-1","T",3,"M","12° 40.5058' N  36° 16.8475' E","LLT-1-T-03-M",12.6750966666667,36.2807916666667
"92673","LLT-1-T-03-L-D2","LLT-1","T",3,"L","12° 40.5058' N  36° 16.8475' E","LLT-1-T-03-L",12.6750966666667,36.2807916666667
"92929","LLT-1-T-06-T-D2","LLT-1","T",6,"T","12° 40.5035' N  36° 16.8505' E","LLT-1-T-06-T",12.6750583333333,36.2808416666667
"93185","LLT-1-T-06-M-D2","LLT-1","T",6,"M","12° 40.5035' N  36° 16.8505' E","LLT-1-T-06-M",12.6750583333333,36.2808416666667
"93441","LLT-1-T-06-L-D2","LLT-1","T",6,"L","12° 40.5035' N  36° 16.8505' E","LLT-1-T-06-L",12.6750583333333,36.2808416666667
"93697","LLT-1-T-09-T-D2","LLT-1","T",9,"T","12° 40.5046' N  36° 16.8567' E","LLT-1-T-09-T",12.6750766666667,36.280945
"93953","LLT-1-T-09-M-D2","LLT-1","T",9,"M","12° 40.5046' N  36° 16.8567' E","LLT-1-T-09-M",12.6750766666667,36.280945
"94209","LLT-1-T-09-L-D2","LLT-1","T",9,"L","12° 40.5046' N  36° 16.8567' E","LLT-1-T-09-L",12.6750766666667,36.280945
"94465","LLT-1-T-12-T-D2","LLT-1","T",12,"T","12° 40.5087' N  36° 16.8496' E","LLT-1-T-12-T",12.675145,36.2808266666667
"94721","LLT-1-T-12-M-D2","LLT-1","T",12,"M","12° 40.5087' N  36° 16.8496' E","LLT-1-T-12-M",12.675145,36.2808266666667
"94977","LLT-1-T-12-L-D2","LLT-1","T",12,"L","12° 40.5087' N  36° 16.8496' E","LLT-1-T-12-L",12.675145,36.2808266666667
"95233","LLT-1-T-15-T-D2","LLT-1","T",15,"T","12° 40.5113' N  36° 16.8429' E","LLT-1-T-15-T",12.6751883333333,36.280715
"95489","LLT-1-T-15-M-D2","LLT-1","T",15,"M","12° 40.5113' N  36° 16.8429' E","LLT-1-T-15-M",12.6751883333333,36.280715
"95745","LLT-1-T-15-L-D2","LLT-1","T",15,"L","12° 40.5113' N  36° 16.8429' E","LLT-1-T-15-L",12.6751883333333,36.280715
"96001","LLT-1-T-18-T-D2","LLT-1","T",18,"T","12° 40.5132' N  36° 16.8399' E","LLT-1-T-18-T",12.67522,36.280665
"96257","LLT-1-T-18-M-D2","LLT-1","T",18,"M","12° 40.5132' N  36° 16.8399' E","LLT-1-T-18-M",12.67522,36.280665
"96513","LLT-1-T-18-L-D2","LLT-1","T",18,"L","12° 40.5132' N  36° 16.8399' E","LLT-1-T-18-L",12.67522,36.280665
"96769","LLT-1-T-21-T-D2","LLT-1","T",21,"T","12° 40.5230' N  36° 16.8360' E","LLT-1-T-21-T",12.6753833333333,36.2806
"97025","LLT-1-T-21-M-D2","LLT-1","T",21,"M","12° 40.5230' N  36° 16.8360' E","LLT-1-T-21-M",12.6753833333333,36.2806
"97281","LLT-1-T-21-L-D2","LLT-1","T",21,"L","12° 40.5230' N  36° 16.8360' E","LLT-1-T-21-L",12.6753833333333,36.2806
"97537","LLT-1-T-24-T-D2","LLT-1","T",24,"T","12° 40.5223' N  36° 16.8299' E","LLT-1-T-24-T",12.6753716666667,36.2804983333333
"97793","LLT-1-T-24-M-D2","LLT-1","T",24,"M","12° 40.5223' N  36° 16.8299' E","LLT-1-T-24-M",12.6753716666667,36.2804983333333
"98049","LLT-1-T-24-L-D2","LLT-1","T",24,"L","12° 40.5223' N  36° 16.8299' E","LLT-1-T-24-L",12.6753716666667,36.2804983333333
"98305","LLT-1-T-27-T-D2","LLT-1","T",27,"T","12° 40.5244' N  36° 16.8266' E","LLT-1-T-27-T",12.6754066666667,36.2804433333333
"98561","LLT-1-T-27-M-D2","LLT-1","T",27,"M","12° 40.5244' N  36° 16.8266' E","LLT-1-T-27-M",12.6754066666667,36.2804433333333
"98817","LLT-1-T-27-L-D2","LLT-1","T",27,"L","12° 40.5244' N  36° 16.8266' E","LLT-1-T-27-L",12.6754066666667,36.2804433333333
"99073","LLT-1-T-30-T-D2","LLT-1","T",30,"T","12° 40.5280' N  36° 16.8304' E","LLT-1-T-30-T",12.6754666666667,36.2805066666667
"99329","LLT-1-T-30-M-D2","LLT-1","T",30,"M","12° 40.5280' N  36° 16.8304' E","LLT-1-T-30-M",12.6754666666667,36.2805066666667
"99585","LLT-1-T-30-L-D2","LLT-1","T",30,"L","12° 40.5280' N  36° 16.8304' E","LLT-1-T-30-L",12.6754666666667,36.2805066666667
"99841","LLT-1-I-03-T-D2","LLT-1","I",3,"T","12° 40.4806' N  36° 16.8487' E","LLT-1-I-03-T",12.6746766666667,36.2808116666667
"100097","LLT-1-I-03-M-D2","LLT-1","I",3,"M","12° 40.4806' N  36° 16.8487' E","LLT-1-I-03-M",12.6746766666667,36.2808116666667
"100353","LLT-1-I-03-L-D2","LLT-1","I",3,"L","12° 40.4806' N  36° 16.8487' E","LLT-1-I-03-L",12.6746766666667,36.2808116666667
"100609","LLT-1-I-06-T-D2","LLT-1","I",6,"T","12° 40.4806' N  36° 16.8487' E","LLT-1-I-06-T",12.6746766666667,36.2808116666667
"100865","LLT-1-I-06-M-D2","LLT-1","I",6,"M","12° 40.4806' N  36° 16.8487' E","LLT-1-I-06-M",12.6746766666667,36.2808116666667
"101121","LLT-1-I-06-L-D2","LLT-1","I",6,"L","12° 40.4806' N  36° 16.8487' E","LLT-1-I-06-L",12.6746766666667,36.2808116666667
"101377","LLT-1-I-09-T-D2","LLT-1","I",9,"T","12° 40.4818' N  36° 16.8549' E","LLT-1-I-09-T",12.6746966666667,36.280915
"101633","LLT-1-I-09-M-D2","LLT-1","I",9,"M","12° 40.4818' N  36° 16.8549' E","LLT-1-I-09-M",12.6746966666667,36.280915
"101889","LLT-1-I-09-L-D2","LLT-1","I",9,"L","12° 40.4818' N  36° 16.8549' E","LLT-1-I-09-L",12.6746966666667,36.280915
"102145","LLT-1-I-12-T-D2","LLT-1","I",12,"T","12° 40.4842' N  36° 16.8518' E","LLT-1-I-12-T",12.6747366666667,36.2808633333333
"102401","LLT-1-I-12-M-D2","LLT-1","I",12,"M","12° 40.4842' N  36° 16.8518' E","LLT-1-I-12-M",12.6747366666667,36.2808633333333
"102657","LLT-1-I-12-L-D2","LLT-1","I",12,"L","12° 40.4842' N  36° 16.8518' E","LLT-1-I-12-L",12.6747366666667,36.2808633333333
"102913","LLT-1-I-15-T-D2","LLT-1","I",15,"T","12° 40.4878' N  36° 16.8472' E","LLT-1-I-15-T",12.6747966666667,36.2807866666667
"103169","LLT-1-I-15-M-D2","LLT-1","I",15,"M","12° 40.4878' N  36° 16.8472' E","LLT-1-I-15-M",12.6747966666667,36.2807866666667
"103425","LLT-1-I-15-L-D2","LLT-1","I",15,"L","12° 40.4878' N  36° 16.8472' E","LLT-1-I-15-L",12.6747966666667,36.2807866666667
"103681","LLT-1-I-18-T-D2","LLT-1","I",18,"T","12° 40.4898' N  36° 16.8442' E","LLT-1-I-18-T",12.67483,36.2807366666667
"103937","LLT-1-I-18-M-D2","LLT-1","I",18,"M","12° 40.4898' N  36° 16.8442' E","LLT-1-I-18-M",12.67483,36.2807366666667
"104193","LLT-1-I-18-L-D2","LLT-1","I",18,"L","12° 40.4898' N  36° 16.8442' E","LLT-1-I-18-L",12.67483,36.2807366666667
"104449","LLT-1-I-21-T-D2","LLT-1","I",21,"T","12° 40.4898' N  36° 16.8442' E","LLT-1-I-21-T",12.67483,36.2807366666667
"104705","LLT-1-I-21-M-D2","LLT-1","I",21,"M","12° 40.4898' N  36° 16.8442' E","LLT-1-I-21-M",12.67483,36.2807366666667
"104961","LLT-1-I-21-L-D2","LLT-1","I",21,"L","12° 40.4898' N  36° 16.8442' E","LLT-1-I-21-L",12.67483,36.2807366666667
"105217","LLT-1-I-24-T-D2","LLT-1","I",24,"T","12° 40.4993' N  36° 16.8464' E","LLT-1-I-24-T",12.6749883333333,36.2807733333333
"105473","LLT-1-I-24-M-D2","LLT-1","I",24,"M","12° 40.4993' N  36° 16.8464' E","LLT-1-I-24-M",12.6749883333333,36.2807733333333
"105729","LLT-1-I-24-L-D2","LLT-1","I",24,"L","12° 40.4993' N  36° 16.8464' E","LLT-1-I-24-L",12.6749883333333,36.2807733333333
"105985","LLT-1-I-27-T-D2","LLT-1","I",27,"T","12° 40.4971' N  36° 16.8508' E","LLT-1-I-27-T",12.6749516666667,36.2808466666667
"106241","LLT-1-I-27-M-D2","LLT-1","I",27,"M","12° 40.4971' N  36° 16.8508' E","LLT-1-I-27-M",12.6749516666667,36.2808466666667
"106497","LLT-1-I-27-L-D2","LLT-1","I",27,"L","12° 40.4971' N  36° 16.8508' E","LLT-1-I-27-L",12.6749516666667,36.2808466666667
"106753","LLT-1-I-30-T-D2","LLT-1","I",30,"T","12° 40.4976' N  36° 16.8471' E","LLT-1-I-30-T",12.67496,36.280785
"107009","LLT-1-I-30-M-D2","LLT-1","I",30,"M","12° 40.4976' N  36° 16.8471' E","LLT-1-I-30-M",12.67496,36.280785
"107265","LLT-1-I-30-L-D2","LLT-1","I",30,"L","12° 40.4976' N  36° 16.8471' E","LLT-1-I-30-L",12.67496,36.280785
"107521","LLT-1-O-1-T-D2","LLT-1","O",1,"T","12° 40.4729' N  36° 16.8532' E","LLT-1-O-1-T",12.6745483333333,36.2808866666667
"107777","LLT-1-O-1-M-D2","LLT-1","O",1,"M","12° 40.4729' N  36° 16.8532' E","LLT-1-O-1-M",12.6745483333333,36.2808866666667
"108033","LLT-1-O-1-L-D2","LLT-1","O",1,"L","12° 40.4729' N  36° 16.8532' E","LLT-1-O-1-L",12.6745483333333,36.2808866666667
"108289","LLT-1-O-2-T-D2","LLT-1","O",2,"T","12° 40.4738' N  36° 16.8552' E","LLT-1-O-2-T",12.6745633333333,36.28092
"108545","LLT-1-O-2-M-D2","LLT-1","O",2,"M","12° 40.4738' N  36° 16.8552' E","LLT-1-O-2-M",12.6745633333333,36.28092
"108801","LLT-1-O-2-L-D2","LLT-1","O",2,"L","12° 40.4738' N  36° 16.8552' E","LLT-1-O-2-L",12.6745633333333,36.28092
"109057","LLT-1-O-3-T-D2","LLT-1","O",3,"T","12° 40.4770' N  36° 16.8615' E","LLT-1-O-3-T",12.6746166666667,36.281025
"109313","LLT-1-O-3-M-D2","LLT-1","O",3,"M","12° 40.4770' N  36° 16.8615' E","LLT-1-O-3-M",12.6746166666667,36.281025
"109569","LLT-1-O-3-L-D2","LLT-1","O",3,"L","12° 40.4770' N  36° 16.8615' E","LLT-1-O-3-L",12.6746166666667,36.281025
"109825","LLT-1-O-4-T-D2","LLT-1","O",4,"T","12° 40.4929' N  36° 16.8541' E","LLT-1-O-4-T",12.6748816666667,36.2809016666667
"110081","LLT-1-O-4-M-D2","LLT-1","O",4,"M","12° 40.4929' N  36° 16.8541' E","LLT-1-O-4-M",12.6748816666667,36.2809016666667
"110337","LLT-1-O-4-L-D2","LLT-1","O",4,"L","12° 40.4929' N  36° 16.8541' E","LLT-1-O-4-L",12.6748816666667,36.2809016666667
"110593","LLT-2-T-03-T-D2","LLT-2","T",3,"T","12° 40.4598' N  36° 16.6928' E","LLT-2-T-03-T",12.67433,36.2782133333333
"110849","LLT-2-T-03-M-D2","LLT-2","T",3,"M","12° 40.4598' N  36° 16.6928' E","LLT-2-T-03-M",12.67433,36.2782133333333
"111105","LLT-2-T-03-L-D2","LLT-2","T",3,"L","12° 40.4598' N  36° 16.6928' E","LLT-2-T-03-L",12.67433,36.2782133333333
"111361","LLT-2-T-06-T-D2","LLT-2","T",6,"T","12° 40.4650' N  36° 16.6864' E","LLT-2-T-06-T",12.6744166666667,36.2781066666667
"111617","LLT-2-T-06-M-D2","LLT-2","T",6,"M","12° 40.4650' N  36° 16.6864' E","LLT-2-T-06-M",12.6744166666667,36.2781066666667
"111873","LLT-2-T-06-L-D2","LLT-2","T",6,"L","12° 40.4650' N  36° 16.6864' E","LLT-2-T-06-L",12.6744166666667,36.2781066666667
"112129","LLT-2-T-09-T-D2","LLT-2","T",9,"T","12° 40.4650' N  36° 16.6864' E","LLT-2-T-09-T",12.6744166666667,36.2781066666667
"112385","LLT-2-T-09-M-D2","LLT-2","T",9,"M","12° 40.4650' N  36° 16.6864' E","LLT-2-T-09-M",12.6744166666667,36.2781066666667
"112641","LLT-2-T-09-L-D2","LLT-2","T",9,"L","12° 40.4650' N  36° 16.6864' E","LLT-2-T-09-L",12.6744166666667,36.2781066666667
"112897","LLT-2-T-12-T-D2","LLT-2","T",12,"T","12° 40.4679' N  36° 16.6824' E","LLT-2-T-12-T",12.674465,36.27804
"113153","LLT-2-T-12-M-D2","LLT-2","T",12,"M","12° 40.4679' N  36° 16.6824' E","LLT-2-T-12-M",12.674465,36.27804
"113409","LLT-2-T-12-L-D2","LLT-2","T",12,"L","12° 40.4679' N  36° 16.6824' E","LLT-2-T-12-L",12.674465,36.27804
"113665","LLT-2-T-15-T-D2","LLT-2","T",15,"T","12° 40.4743' N  36° 16.6790' E","LLT-2-T-15-T",12.6745716666667,36.2779833333333
"113921","LLT-2-T-15-M-D2","LLT-2","T",15,"M","12° 40.4743' N  36° 16.6790' E","LLT-2-T-15-M",12.6745716666667,36.2779833333333
"114177","LLT-2-T-15-L-D2","LLT-2","T",15,"L","12° 40.4743' N  36° 16.6790' E","LLT-2-T-15-L",12.6745716666667,36.2779833333333
"114433","LLT-2-T-18-T-D2","LLT-2","T",18,"T","12° 40.4944' N  36° 16.6886' E","LLT-2-T-18-T",12.6749066666667,36.2781433333333
"114689","LLT-2-T-18-M-D2","LLT-2","T",18,"M","12° 40.4944' N  36° 16.6886' E","LLT-2-T-18-M",12.6749066666667,36.2781433333333
"114945","LLT-2-T-18-L-D2","LLT-2","T",18,"L","12° 40.4944' N  36° 16.6886' E","LLT-2-T-18-L",12.6749066666667,36.2781433333333
"115201","LLT-2-T-21-T-D2","LLT-2","T",21,"T","12° 40.4944' N  36° 16.6886' E","LLT-2-T-21-T",12.6749066666667,36.2781433333333
"115457","LLT-2-T-21-M-D2","LLT-2","T",21,"M","12° 40.4944' N  36° 16.6886' E","LLT-2-T-21-M",12.6749066666667,36.2781433333333
"115713","LLT-2-T-21-L-D2","LLT-2","T",21,"L","12° 40.4944' N  36° 16.6886' E","LLT-2-T-21-L",12.6749066666667,36.2781433333333
"115969","LLT-2-T-24-T-D2","LLT-2","T",24,"T","12° 40.5008' N  36° 16.6863' E","LLT-2-T-24-T",12.6750133333333,36.278105
"116225","LLT-2-T-24-M-D2","LLT-2","T",24,"M","12° 40.5008' N  36° 16.6863' E","LLT-2-T-24-M",12.6750133333333,36.278105
"116481","LLT-2-T-24-L-D2","LLT-2","T",24,"L","12° 40.5008' N  36° 16.6863' E","LLT-2-T-24-L",12.6750133333333,36.278105
"116737","LLT-2-T-27-T-D2","LLT-2","T",27,"T","12° 40.4999' N  36° 16.6830' E","LLT-2-T-27-T",12.6749983333333,36.27805
"116993","LLT-2-T-27-M-D2","LLT-2","T",27,"M","12° 40.4999' N  36° 16.6830' E","LLT-2-T-27-M",12.6749983333333,36.27805
"117249","LLT-2-T-27-L-D2","LLT-2","T",27,"L","12° 40.4997' N  36° 16.6803' E","LLT-2-T-27-L",12.674995,36.278005
"117505","LLT-2-T-30-T-D2","LLT-2","T",30,"T","12° 40.4997' N  36° 16.6803' E","LLT-2-T-30-T",12.674995,36.278005
"117761","LLT-2-T-30-M-D2","LLT-2","T",30,"M","12° 40.4993' N  36° 16.6774' E","LLT-2-T-30-M",12.6749883333333,36.2779566666667
"118017","LLT-2-T-30-L-D2","LLT-2","T",30,"L","12° 40.4993' N  36° 16.6774' E","LLT-2-T-30-L",12.6749883333333,36.2779566666667
"118273","LLT-2-I-03-T-D2","LLT-2","I",3,"T","12° 40.4519' N  36° 16.7245' E","LLT-2-I-03-T",12.6741983333333,36.2787416666667
"118529","LLT-2-I-03-M-D2","LLT-2","I",3,"M","12° 40.4519' N  36° 16.7245' E","LLT-2-I-03-M",12.6741983333333,36.2787416666667
"118785","LLT-2-I-03-L-D2","LLT-2","I",3,"L","12° 40.4519' N  36° 16.7245' E","LLT-2-I-03-L",12.6741983333333,36.2787416666667
"119041","LLT-2-I-06-T-D2","LLT-2","I",6,"T","12° 40.4595' N  36° 16.7226' E","LLT-2-I-06-T",12.674325,36.27871
"119297","LLT-2-I-06-M-D2","LLT-2","I",6,"M","12° 40.4595' N  36° 16.7226' E","LLT-2-I-06-M",12.674325,36.27871
"119553","LLT-2-I-06-L-D2","LLT-2","I",6,"L","12° 40.4595' N  36° 16.7226' E","LLT-2-I-06-L",12.674325,36.27871
"119809","LLT-2-I-09-T-D2","LLT-2","I",9,"T","12° 40.4616' N  36° 16.7215' E","LLT-2-I-09-T",12.67436,36.2786916666667
"120065","LLT-2-I-09-M-D2","LLT-2","I",9,"M","12° 40.4616' N  36° 16.7215' E","LLT-2-I-09-M",12.67436,36.2786916666667
"120321","LLT-2-I-09-L-D2","LLT-2","I",9,"L","12° 40.4616' N  36° 16.7215' E","LLT-2-I-09-L",12.67436,36.2786916666667
"120577","LLT-2-I-12-T-D2","LLT-2","I",12,"T","12° 40.4569' N  36° 16.7155' E","LLT-2-I-12-T",12.6742816666667,36.2785916666667
"120833","LLT-2-I-12-M-D2","LLT-2","I",12,"M","12° 40.4569' N  36° 16.7155' E","LLT-2-I-12-M",12.6742816666667,36.2785916666667
"121089","LLT-2-I-12-L-D2","LLT-2","I",12,"L","12° 40.4569' N  36° 16.7155' E","LLT-2-I-12-L",12.6742816666667,36.2785916666667
"121345","LLT-2-I-15-T-D2","LLT-2","I",15,"T","12° 40.4475' N  36° 16.7145' E","LLT-2-I-15-T",12.674125,36.278575
"121601","LLT-2-I-15-M-D2","LLT-2","I",15,"M","12° 40.4475' N  36° 16.7145' E","LLT-2-I-15-M",12.674125,36.278575
"121857","LLT-2-I-15-L-D2","LLT-2","I",15,"L","12° 40.4475' N  36° 16.7145' E","LLT-2-I-15-L",12.674125,36.278575
"122113","LLT-2-I-18-T-D2","LLT-2","I",18,"T","12° 40.4611' N  36° 16.7104' E","LLT-2-I-18-T",12.6743516666667,36.2785066666667
"122369","LLT-2-I-18-M-D2","LLT-2","I",18,"M","12° 40.4611' N  36° 16.7104' E","LLT-2-I-18-M",12.6743516666667,36.2785066666667
"122625","LLT-2-I-18-L-D2","LLT-2","I",18,"L","12° 40.4611' N  36° 16.7104' E","LLT-2-I-18-L",12.6743516666667,36.2785066666667
"122881","LLT-2-I-21-T-D2","LLT-2","I",21,"T","12° 40.4507' N  36° 16.7040' E","LLT-2-I-21-T",12.6741783333333,36.2784
"123137","LLT-2-I-21-M-D2","LLT-2","I",21,"M","12° 40.4507' N  36° 16.7040' E","LLT-2-I-21-M",12.6741783333333,36.2784
"123393","LLT-2-I-21-L-D2","LLT-2","I",21,"L","12° 40.4507' N  36° 16.7040' E","LLT-2-I-21-L",12.6741783333333,36.2784
"123649","LLT-2-I-24-T-D2","LLT-2","I",24,"T","12° 40.4526' N  36° 16.7020' E","LLT-2-I-24-T",12.67421,36.2783666666667
"123905","LLT-2-I-24-M-D2","LLT-2","I",24,"M","12° 40.4526' N  36° 16.7020' E","LLT-2-I-24-M",12.67421,36.2783666666667
"124161","LLT-2-I-24-L-D2","LLT-2","I",24,"L","12° 40.4526' N  36° 16.7020' E","LLT-2-I-24-L",12.67421,36.2783666666667
"124417","LLT-2-I-27-T-D2","LLT-2","I",27,"T","12° 40.4526' N  36° 16.7020' E","LLT-2-I-27-T",12.67421,36.2783666666667
"124673","LLT-2-I-27-M-D2","LLT-2","I",27,"M","12° 40.4526' N  36° 16.7020' E","LLT-2-I-27-M",12.67421,36.2783666666667
"124929","LLT-2-I-27-L-D2","LLT-2","I",27,"L","12° 40.4526' N  36° 16.7020' E","LLT-2-I-27-L",12.67421,36.2783666666667
"125185","LLT-2-I-30-T-D2","LLT-2","I",30,"T","12° 40.4487' N  36° 16.6964' E","LLT-2-I-30-T",12.674145,36.2782733333333
"125441","LLT-2-I-30-M-D2","LLT-2","I",30,"M","12° 40.4487' N  36° 16.6964' E","LLT-2-I-30-M",12.674145,36.2782733333333
"125697","LLT-2-I-30-L-D2","LLT-2","I",30,"L","12° 40.4487' N  36° 16.6964' E","LLT-2-I-30-L",12.674145,36.2782733333333
"125953","LLT-2-O-1-T-D2","LLT-2","O",1,"T","12° 40.4478' N  36° 16.6938' E","LLT-2-O-1-T",12.67413,36.27823
"126209","LLT-2-O-1-M-D2","LLT-2","O",1,"M","12° 40.4478' N  36° 16.6938' E","LLT-2-O-1-M",12.67413,36.27823
"126465","LLT-2-O-1-L-D2","LLT-2","O",1,"L","12° 40.4478' N  36° 16.6938' E","LLT-2-O-1-L",12.67413,36.27823
"126721","LLT-2-O-2-T-D2","LLT-2","O",2,"T","12° 40.4470' N  36° 16.6909' E","LLT-2-O-2-T",12.6741166666667,36.2781816666667
"126977","LLT-2-O-2-M-D2","LLT-2","O",2,"M","12° 40.4470' N  36° 16.6909' E","LLT-2-O-2-M",12.6741166666667,36.2781816666667
"127233","LLT-2-O-2-L-D2","LLT-2","O",2,"L","12° 40.4432' N  36° 16.6898' E","LLT-2-O-2-L",12.6740533333333,36.2781633333333
"127489","LLT-2-O-3-T-D2","LLT-2","O",3,"T","12° 40.4333' N  36° 16.7131' E","LLT-2-O-3-T",12.6738883333333,36.2785516666667
"127745","LLT-2-O-3-M-D2","LLT-2","O",3,"M","12° 40.4333' N  36° 16.7131' E","LLT-2-O-3-M",12.6738883333333,36.2785516666667
"128001","LLT-2-O-3-L-D2","LLT-2","O",3,"L","12° 40.4333' N  36° 16.7131' E","LLT-2-O-3-L",12.6738883333333,36.2785516666667
"128257","LLT-2-O-4-T-D2","LLT-2","O",4,"T","12° 40.4407' N  36° 16.7258' E","LLT-2-O-4-T",12.6740116666667,36.2787633333333
"128513","LLT-2-O-4-M-D2","LLT-2","O",4,"M","12° 40.4407' N  36° 16.7258' E","LLT-2-O-4-M",12.6740116666667,36.2787633333333
"128769","LLT-2-O-4-L-D2","LLT-2","O",4,"L","12° 40.4407' N  36° 16.7258' E","LLT-2-O-4-L",12.6740116666667,36.2787633333333
"129025","DG-1-T-03-T-D2","DG-1","T",3,"T","12° 44.5728' N  36° 8.0871' E","DG-1-T-03-T",12.74288,36.134785
"129281","DG-1-T-03-M-D2","DG-1","T",3,"M","12° 44.5728' N  36° 8.0871' E","DG-1-T-03-M",12.74288,36.134785
"129537","DG-1-T-03-L-D2","DG-1","T",3,"L","12° 44.5728' N  36° 8.0871' E","DG-1-T-03-L",12.74288,36.134785
"129793","DG-1-T-06-T-D2","DG-1","T",6,"T","12° 44.5513' N  36° 8.0664' E","DG-1-T-06-T",12.7425216666667,36.13444
"130049","DG-1-T-06-M-D2","DG-1","T",6,"M","12° 44.5513' N  36° 8.0664' E","DG-1-T-06-M",12.7425216666667,36.13444
"130305","DG-1-T-06-L-D2","DG-1","T",6,"L","12° 44.5513' N  36° 8.0664' E","DG-1-T-06-L",12.7425216666667,36.13444
"130561","DG-1-T-09-T-D2","DG-1","T",9,"T","12° 44.5648' N  36° 8.0440' E","DG-1-T-09-T",12.7427466666667,36.1340666666667
"130817","DG-1-T-09-M-D2","DG-1","T",9,"M","12° 44.5648' N  36° 8.0440' E","DG-1-T-09-M",12.7427466666667,36.1340666666667
"131073","DG-1-T-09-L-D2","DG-1","T",9,"L","12° 44.5648' N  36° 8.0440' E","DG-1-T-09-L",12.7427466666667,36.1340666666667
"131329","DG-1-T-12-T-D2","DG-1","T",12,"T","12° 44.5708' N  36° 8.0431' E","DG-1-T-12-T",12.7428466666667,36.1340516666667
"131585","DG-1-T-12-M-D2","DG-1","T",12,"M","12° 44.5708' N  36° 8.0431' E","DG-1-T-12-M",12.7428466666667,36.1340516666667
"131841","DG-1-T-12-L-D2","DG-1","T",12,"L","12° 44.5733' N  36° 8.0442' E","DG-1-T-12-L",12.7428883333333,36.13407
"132097","DG-1-T-15-T-D2","DG-1","T",15,"T","12° 44.5773' N  36° 8.0334' E","DG-1-T-15-T",12.742955,36.13389
"132353","DG-1-T-15-M-D2","DG-1","T",15,"M","12° 44.5773' N  36° 8.0334' E","DG-1-T-15-M",12.742955,36.13389
"132609","DG-1-T-15-L-D2","DG-1","T",15,"L","12° 44.5773' N  36° 8.0334' E","DG-1-T-15-L",12.742955,36.13389
"132865","DG-1-T-18-T-D2","DG-1","T",18,"T","12° 44.5499' N  36° 8.0060' E","DG-1-T-18-T",12.7424983333333,36.1334333333333
"133121","DG-1-T-18-M-D2","DG-1","T",18,"M","12° 44.5499' N  36° 8.0060' E","DG-1-T-18-M",12.7424983333333,36.1334333333333
"133377","DG-1-T-18-L-D2","DG-1","T",18,"L","12° 44.5499' N  36° 8.0060' E","DG-1-T-18-L",12.7424983333333,36.1334333333333
"133633","DG-1-T-21-T-D2","DG-1","T",21,"T","12° 44.5643' N  36° 7.9742' E","DG-1-T-21-T",12.7427383333333,36.1329033333333
"133889","DG-1-T-21-M-D2","DG-1","T",21,"M","12° 44.5643' N  36° 7.9742' E","DG-1-T-21-M",12.7427383333333,36.1329033333333
"134145","DG-1-T-21-L-D2","DG-1","T",21,"L","12° 44.5643' N  36° 7.9742' E","DG-1-T-21-L",12.7427383333333,36.1329033333333
"134401","DG-1-T-24-T-D2","DG-1","T",24,"T","12° 44.5643' N  36° 7.9742' E","DG-1-T-24-T",12.7427383333333,36.1329033333333
"134657","DG-1-T-24-M-D2","DG-1","T",24,"M","12° 44.5654' N  36° 7.9764' E","DG-1-T-24-M",12.7427566666667,36.13294
"134913","DG-1-T-24-L-D2","DG-1","T",24,"L","12° 44.5654' N  36° 7.9764' E","DG-1-T-24-L",12.7427566666667,36.13294
"135169","DG-1-T-27-T-D2","DG-1","T",27,"T","12° 44.5517' N  36° 7.9738' E","DG-1-T-27-T",12.7425283333333,36.1328966666667
"135425","DG-1-T-27-M-D2","DG-1","T",27,"M","12° 44.5517' N  36° 7.9738' E","DG-1-T-27-M",12.7425283333333,36.1328966666667
"135681","DG-1-T-27-L-D2","DG-1","T",27,"L","12° 44.5517' N  36° 7.9738' E","DG-1-T-27-L",12.7425283333333,36.1328966666667
"135937","DG-1-T-30-T-D2","DG-1","T",30,"T","12° 44.5489' N  36° 7.9744' E","DG-1-T-30-T",12.7424816666667,36.1329066666667
"136193","DG-1-T-30-M-D2","DG-1","T",30,"M","12° 44.5489' N  36° 7.9744' E","DG-1-T-30-M",12.7424816666667,36.1329066666667
"136449","DG-1-T-30-L-D2","DG-1","T",30,"L","12° 44.5452' N  36° 7.9827' E","DG-1-T-30-L",12.74242,36.133045
"136705","DG-1-I-03-T-D2","DG-1","I",3,"T","12° 44.5236' N  36° 8.1764' E","DG-1-I-03-T",12.74206,36.1362733333333
"136961","DG-1-I-03-M-D2","DG-1","I",3,"M","12° 44.5236' N  36° 8.1764' E","DG-1-I-03-M",12.74206,36.1362733333333
"137217","DG-1-I-03-L-D2","DG-1","I",3,"L","12° 44.5236' N  36° 8.1764' E","DG-1-I-03-L",12.74206,36.1362733333333
"137473","DG-1-I-06-T-D2","DG-1","I",6,"T","12° 44.5246' N  36° 8.2049' E","DG-1-I-06-T",12.7420766666667,36.1367483333333
"137729","DG-1-I-06-M-D2","DG-1","I",6,"M","12° 44.5246' N  36° 8.2049' E","DG-1-I-06-M",12.7420766666667,36.1367483333333
"137985","DG-1-I-06-L-D2","DG-1","I",6,"L","12° 44.5246' N  36° 8.2049' E","DG-1-I-06-L",12.7420766666667,36.1367483333333
"138241","DG-1-I-09-T-D2","DG-1","I",9,"T","12° 44.5323' N  36° 8.1981' E","DG-1-I-09-T",12.742205,36.136635
"138497","DG-1-I-09-M-D2","DG-1","I",9,"M","12° 44.5323' N  36° 8.1981' E","DG-1-I-09-M",12.742205,36.136635
"138753","DG-1-I-09-L-D2","DG-1","I",9,"L","12° 44.5323' N  36° 8.1981' E","DG-1-I-09-L",12.742205,36.136635
"139009","DG-1-I-12-T-D2","DG-1","I",12,"T","12° 44.5565' N  36° 8.1644' E","DG-1-I-12-T",12.7426083333333,36.1360733333333
"139265","DG-1-I-12-M-D2","DG-1","I",12,"M","12° 44.5587' N  36° 8.1633' E","DG-1-I-12-M",12.742645,36.136055
"139521","DG-1-I-12-L-D2","DG-1","I",12,"L","12° 44.5587' N  36° 8.1633' E","DG-1-I-12-L",12.742645,36.136055
"139777","DG-1-I-15-T-D2","DG-1","I",15,"T","12° 44.5568' N  36° 8.1570' E","DG-1-I-15-T",12.7426133333333,36.13595
"140033","DG-1-I-15-M-D2","DG-1","I",15,"M","12° 44.5568' N  36° 8.1570' E","DG-1-I-15-M",12.7426133333333,36.13595
"140289","DG-1-I-15-L-D2","DG-1","I",15,"L","12° 44.5568' N  36° 8.1570' E","DG-1-I-15-L",12.7426133333333,36.13595
"140545","DG-1-I-18-T-D2","DG-1","I",18,"T","12° 44.5505' N  36° 8.1337' E","DG-1-I-18-T",12.7425083333333,36.1355616666667
"140801","DG-1-I-18-M-D2","DG-1","I",18,"M","12° 44.5505' N  36° 8.1337' E","DG-1-I-18-M",12.7425083333333,36.1355616666667
"141057","DG-1-I-18-L-D2","DG-1","I",18,"L","12° 44.5505' N  36° 8.1337' E","DG-1-I-18-L",12.7425083333333,36.1355616666667
"141313","DG-1-I-21-T-D2","DG-1","I",21,"T","12° 44.5799' N  36° 8.1171' E","DG-1-I-21-T",12.7429983333333,36.135285
"141569","DG-1-I-21-M-D2","DG-1","I",21,"M","12° 44.5799' N  36° 8.1171' E","DG-1-I-21-M",12.7429983333333,36.135285
"141825","DG-1-I-21-L-D2","DG-1","I",21,"L","12° 44.5799' N  36° 8.1171' E","DG-1-I-21-L",12.7429983333333,36.135285
"142081","DG-1-I-24-T-D2","DG-1","I",24,"T","12° 44.5800' N  36° 8.1141' E","DG-1-I-24-T",12.743,36.135235
"142337","DG-1-I-24-M-D2","DG-1","I",24,"M","12° 44.5799' N  36° 8.1138' E","DG-1-I-24-M",12.7429983333333,36.13523
"142593","DG-1-I-24-L-D2","DG-1","I",24,"L","12° 44.5799' N  36° 8.1138' E","DG-1-I-24-L",12.7429983333333,36.13523
"142849","DG-1-I-27-T-D2","DG-1","I",27,"T","12° 44.5568' N  36° 8.1051' E","DG-1-I-27-T",12.7426133333333,36.135085
"143105","DG-1-I-27-M-D2","DG-1","I",27,"M","12° 44.5568' N  36° 8.1051' E","DG-1-I-27-M",12.7426133333333,36.135085
"143361","DG-1-I-27-L-D2","DG-1","I",27,"L","12° 44.5568' N  36° 8.1051' E","DG-1-I-27-L",12.7426133333333,36.135085
"143617","DG-1-I-30-T-D2","DG-1","I",30,"T","12° 44.5493' N  36° 8.1300' E","DG-1-I-30-T",12.7424883333333,36.1355
"143873","DG-1-I-30-M-D2","DG-1","I",30,"M","12° 44.5493' N  36° 8.1300' E","DG-1-I-30-M",12.7424883333333,36.1355
"144129","DG-1-I-30-L-D2","DG-1","I",30,"L","12° 44.5493' N  36° 8.1300' E","DG-1-I-30-L",12.7424883333333,36.1355
"144385","DG-1-O-1-T-D2","DG-1","O",1,"T","12° 44.5357' N  36° 8.1201' E","DG-1-O-1-T",12.7422616666667,36.135335
"144641","DG-1-O-1-M-D2","DG-1","O",1,"M","12° 44.5359' N  36° 8.1207' E","DG-1-O-1-M",12.742265,36.135345
"144897","DG-1-O-1-L-D2","DG-1","O",1,"L","12° 44.5381' N  36° 8.1187' E","DG-1-O-1-L",12.7423016666667,36.1353116666667
"145153","DG-1-O-2-T-D2","DG-1","O",2,"T","12° 44.5327' N  36° 8.1232' E","DG-1-O-2-T",12.7422116666667,36.1353866666667
"145409","DG-1-O-2-M-D2","DG-1","O",2,"M","12° 44.5327' N  36° 8.1232' E","DG-1-O-2-M",12.7422116666667,36.1353866666667
"145665","DG-1-O-2-L-D2","DG-1","O",2,"L","12° 44.5327' N  36° 8.1232' E","DG-1-O-2-L",12.7422116666667,36.1353866666667
"145921","DG-1-O-3-T-D2","DG-1","O",3,"T","12° 44.5327' N  36° 8.1232' E","DG-1-O-3-T",12.7422116666667,36.1353866666667
"146177","DG-1-O-3-M-D2","DG-1","O",3,"M","12° 44.5307' N  36° 8.1299' E","DG-1-O-3-M",12.7421783333333,36.1354983333333
"146433","DG-1-O-3-L-D2","DG-1","O",3,"L","12° 44.5307' N  36° 8.1299' E","DG-1-O-3-L",12.7421783333333,36.1354983333333
"146689","DG-1-O-4-T-D2","DG-1","O",4,"T","12° 44.5307' N  36° 8.1299' E","DG-1-O-4-T",12.7421783333333,36.1354983333333
"146945","DG-1-O-4-M-D2","DG-1","O",4,"M","12° 44.5355' N  36° 8.1478' E","DG-1-O-4-M",12.7422583333333,36.1357966666667
"147201","DG-1-O-4-L-D2","DG-1","O",4,"L","12° 44.5355' N  36° 8.1478' E","DG-1-O-4-L",12.7422583333333,36.1357966666667
